CODDPT;CODCAN;CODSUBCOM;CODBURVOT;BC-FG;BC-FN;BC-SOC;BC-UD;BC-UDI;BC-UG
18;1;11;0001;0.0;0.2961165048543689;0.0;0.7038834951456311;0.0;0.0
18;1;11;0002;0.0;0.2968421052631579;0.0;0.7031578947368421;0.0;0.0
18;1;15;0001;0.0;0.33587786259541985;0.0;0.6641221374045801;0.0;0.0
18;1;15;0002;0.0;0.33414634146341465;0.0;0.6658536585365854;0.0;0.0
18;1;15;0003;0.0;0.294921875;0.0;0.705078125;0.0;0.0
18;1;15;0004;0.0;0.24776785714285715;0.0;0.7522321428571429;0.0;0.0
18;1;15;0005;0.0;0.3697916666666667;0.0;0.6302083333333334;0.0;0.0
18;1;30;0001;0.0;0.4117647058823529;0.0;0.5882352941176471;0.0;0.0
18;1;37;0001;0.0;0.3240343347639485;0.0;0.6759656652360515;0.0;0.0
18;1;47;0001;0.0;0.4037735849056604;0.0;0.5962264150943396;0.0;0.0
18;1;67;0001;0.0;0.4402730375426621;0.0;0.5597269624573379;0.0;0.0
18;1;88;0001;0.0;0.3888888888888889;0.0;0.6111111111111112;0.0;0.0
18;1;115;0001;0.0;0.39552238805970147;0.0;0.6044776119402985;0.0;0.0
18;1;147;0001;0.0;0.4205607476635514;0.0;0.5794392523364486;0.0;0.0
18;1;149;0001;0.0;0.34684684684684686;0.0;0.6531531531531531;0.0;0.0
18;1;159;0001;0.0;0.4;0.0;0.6;0.0;0.0
18;1;165;0001;0.0;0.45243619489559167;0.0;0.5475638051044084;0.0;0.0
18;1;170;0001;0.0;0.434375;0.0;0.565625;0.0;0.0
18;1;185;0001;0.0;0.59;0.0;0.41;0.0;0.0
18;1;227;0001;0.0;0.24545454545454545;0.0;0.7545454545454545;0.0;0.0
18;2;12;0001;0.0;0.41081081081081083;0.34054054054054056;0.24864864864864866;0.0;0.0
18;2;18;0001;0.0;0.36899862825788754;0.355281207133059;0.2757201646090535;0.0;0.0
18;2;23;0001;0.0;0.20991735537190082;0.33553719008264465;0.45454545454545453;0.0;0.0
18;2;25;0001;0.0;0.37407407407407406;0.45555555555555555;0.17037037037037037;0.0;0.0
18;2;27;0001;0.0;0.3295880149812734;0.4232209737827715;0.24719101123595505;0.0;0.0
18;2;49;0001;0.0;0.33195020746887965;0.3278008298755187;0.34024896265560167;0.0;0.0
18;2;53;0001;0.0;0.3464566929133858;0.33070866141732286;0.3228346456692913;0.0;0.0
18;2;56;0001;0.0;0.4083333333333333;0.39166666666666666;0.2;0.0;0.0
18;2;61;0001;0.0;0.15789473684210525;0.5263157894736842;0.3157894736842105;0.0;0.0
18;2;77;0001;0.0;0.2624113475177305;0.46099290780141844;0.2765957446808511;0.0;0.0
18;2;81;0001;0.0;0.363013698630137;0.3698630136986301;0.2671232876712329;0.0;0.0
18;2;90;0001;0.0;0.287292817679558;0.3149171270718232;0.39779005524861877;0.0;0.0
18;2;92;0001;0.0;0.2222222222222222;0.4583333333333333;0.3194444444444444;0.0;0.0
18;2;99;0001;0.0;0.27956989247311825;0.2903225806451613;0.43010752688172044;0.0;0.0
18;2;104;0001;0.0;0.3888888888888889;0.18055555555555555;0.4305555555555556;0.0;0.0
18;2;105;0001;0.0;0.3472222222222222;0.2777777777777778;0.375;0.0;0.0
18;2;105;0002;0.0;0.3148148148148148;0.3333333333333333;0.35185185185185186;0.0;0.0
18;2;110;0001;0.0;0.33170731707317075;0.3195121951219512;0.348780487804878;0.0;0.0
18;2;119;0001;0.0;0.2608695652173913;0.42028985507246375;0.3188405797101449;0.0;0.0
18;2;120;0001;0.0;0.40804597701149425;0.3620689655172414;0.22988505747126436;0.0;0.0
18;2;120;0002;0.0;0.4479166666666667;0.3229166666666667;0.22916666666666666;0.0;0.0
18;2;123;0001;0.0;0.125;0.21875;0.65625;0.0;0.0
18;2;132;0001;0.0;0.20930232558139536;0.19767441860465115;0.5930232558139535;0.0;0.0
18;2;139;0001;0.0;0.4139194139194139;0.46886446886446886;0.11721611721611722;0.0;0.0
18;2;158;0001;0.0;0.25555555555555554;0.36666666666666664;0.37777777777777777;0.0;0.0
18;2;166;0001;0.0;0.1761904761904762;0.3047619047619048;0.5190476190476191;0.0;0.0
18;2;174;0001;0.0;0.30337078651685395;0.43820224719101125;0.25842696629213485;0.0;0.0
18;2;184;0001;0.0;0.33043478260869563;0.40869565217391307;0.2608695652173913;0.0;0.0
18;2;220;0001;0.0;0.46060606060606063;0.3878787878787879;0.15151515151515152;0.0;0.0
18;2;224;0001;0.0;0.2835820895522388;0.4253731343283582;0.291044776119403;0.0;0.0
18;2;239;0001;0.0;0.2839506172839506;0.38271604938271603;0.3333333333333333;0.0;0.0
18;2;240;0001;0.0;0.30666666666666664;0.37666666666666665;0.31666666666666665;0.0;0.0
18;2;247;0001;0.0;0.30357142857142855;0.3892857142857143;0.30714285714285716;0.0;0.0
18;2;251;0001;0.0;0.12121212121212122;0.2727272727272727;0.6060606060606061;0.0;0.0
18;2;282;0001;0.0;0.23255813953488372;0.47674418604651164;0.29069767441860467;0.0;0.0
18;2;286;0001;0.0;0.21888412017167383;0.5321888412017167;0.24892703862660945;0.0;0.0
18;2;289;0001;0.0;0.296137339055794;0.4034334763948498;0.30042918454935624;0.0;0.0
18;3;33;0020;0.0;0.0;0.6050955414012739;0.39490445859872614;0.0;0.0
18;3;33;0021;0.0;0.0;0.506578947368421;0.4934210526315789;0.0;0.0
18;3;33;0022;0.0;0.0;0.6511627906976745;0.3488372093023256;0.0;0.0
18;3;33;0023;0.0;0.0;0.6677740863787376;0.33222591362126247;0.0;0.0
18;3;33;0024;0.0;0.0;0.6053412462908012;0.39465875370919884;0.0;0.0
18;3;33;0025;0.0;0.0;0.46745562130177515;0.5325443786982249;0.0;0.0
18;3;33;0026;0.0;0.0;0.504885993485342;0.495114006514658;0.0;0.0
18;3;33;0027;0.0;0.0;0.4383561643835616;0.5616438356164384;0.0;0.0
18;3;33;0028;0.0;0.0;0.6122448979591837;0.3877551020408163;0.0;0.0
18;3;33;0029;0.0;0.0;0.6207951070336392;0.37920489296636084;0.0;0.0
18;3;33;0030;0.0;0.0;0.5353846153846153;0.4646153846153846;0.0;0.0
18;3;33;0031;0.0;0.0;0.42946708463949845;0.5705329153605015;0.0;0.0
18;3;33;0032;0.0;0.0;0.458041958041958;0.541958041958042;0.0;0.0
18;3;33;0033;0.0;0.0;0.4959016393442623;0.5040983606557377;0.0;0.0
18;3;33;0037;0.0;0.0;0.4864864864864865;0.5135135135135135;0.0;0.0
18;3;33;0038;0.0;0.0;0.5212464589235127;0.47875354107648727;0.0;0.0
18;3;33;0039;0.0;0.0;0.5645161290322581;0.43548387096774194;0.0;0.0
18;4;33;0042;0.0;0.0;0.6125;0.3875;0.0;0.0
18;4;33;0043;0.0;0.0;0.6432432432432432;0.3567567567567568;0.0;0.0
18;4;33;0044;0.0;0.0;0.5335689045936396;0.4664310954063604;0.0;0.0
18;4;33;0045;0.0;0.0;0.6730769230769231;0.3269230769230769;0.0;0.0
18;4;33;0046;0.0;0.0;0.5;0.5;0.0;0.0
18;4;33;0047;0.0;0.0;0.4666666666666667;0.5333333333333333;0.0;0.0
18;4;33;0048;0.0;0.0;0.4381625441696113;0.5618374558303887;0.0;0.0
18;4;33;0049;0.0;0.0;0.5070422535211268;0.49295774647887325;0.0;0.0
18;4;33;0050;0.0;0.0;0.5641025641025641;0.4358974358974359;0.0;0.0
18;4;33;0059;0.0;0.0;0.5803108808290155;0.41968911917098445;0.0;0.0
18;4;33;0060;0.0;0.0;0.615;0.385;0.0;0.0
18;4;33;0061;0.0;0.0;0.44106463878326996;0.55893536121673;0.0;0.0
18;4;33;0062;0.0;0.0;0.5931558935361216;0.4068441064638783;0.0;0.0
18;4;33;0063;0.0;0.0;0.5762081784386617;0.42379182156133827;0.0;0.0
18;4;33;0064;0.0;0.0;0.6475409836065574;0.3524590163934426;0.0;0.0
18;5;33;0004;0.0;0.0;0.4887640449438202;0.5112359550561798;0.0;0.0
18;5;33;0005;0.0;0.0;0.48148148148148145;0.5185185185185185;0.0;0.0
18;5;33;0006;0.0;0.0;0.5451807228915663;0.45481927710843373;0.0;0.0
18;5;33;0007;0.0;0.0;0.5300751879699248;0.4699248120300752;0.0;0.0
18;5;33;0008;0.0;0.0;0.48484848484848486;0.5151515151515151;0.0;0.0
18;5;33;0051;0.0;0.0;0.547112462006079;0.45288753799392095;0.0;0.0
18;5;33;0052;0.0;0.0;0.5708661417322834;0.42913385826771655;0.0;0.0
18;5;33;0053;0.0;0.0;0.7021276595744681;0.2978723404255319;0.0;0.0
18;5;33;0054;0.0;0.0;0.48534201954397393;0.5146579804560261;0.0;0.0
18;5;33;0055;0.0;0.0;0.4424083769633508;0.5575916230366492;0.0;0.0
18;5;33;0056;0.0;0.0;0.7045454545454546;0.29545454545454547;0.0;0.0
18;5;33;0057;0.0;0.0;0.5907172995780591;0.4092827004219409;0.0;0.0
18;5;33;0058;0.0;0.0;0.41832669322709165;0.5816733067729084;0.0;0.0
18;6;33;0001;0.0;0.0;0.3286219081272085;0.6713780918727915;0.0;0.0
18;6;33;0002;0.0;0.0;0.2786377708978328;0.7213622291021672;0.0;0.0
18;6;33;0003;0.0;0.0;0.34519572953736655;0.6548042704626335;0.0;0.0
18;6;33;0009;0.0;0.0;0.4553191489361702;0.5446808510638298;0.0;0.0
18;6;33;0010;0.0;0.0;0.38652482269503546;0.6134751773049646;0.0;0.0
18;6;33;0011;0.0;0.0;0.3287671232876712;0.6712328767123288;0.0;0.0
18;6;33;0012;0.0;0.0;0.34439834024896265;0.6556016597510373;0.0;0.0
18;6;33;0013;0.0;0.0;0.7142857142857143;0.2857142857142857;0.0;0.0
18;6;33;0014;0.0;0.0;0.4225352112676056;0.5774647887323944;0.0;0.0
18;6;33;0015;0.0;0.0;0.49800796812749004;0.50199203187251;0.0;0.0
18;6;33;0016;0.0;0.0;0.3975409836065574;0.6024590163934426;0.0;0.0
18;6;33;0017;0.0;0.0;0.4935064935064935;0.5064935064935064;0.0;0.0
18;6;33;0018;0.0;0.0;0.42105263157894735;0.5789473684210527;0.0;0.0
18;6;33;0019;0.0;0.0;0.49337748344370863;0.5066225165562914;0.0;0.0
18;6;33;0034;0.0;0.0;0.3442622950819672;0.6557377049180327;0.0;0.0
18;6;33;0035;0.0;0.0;0.47738693467336685;0.5226130653266332;0.0;0.0
18;6;33;0036;0.0;0.0;0.46296296296296297;0.5370370370370371;0.0;0.0
18;6;33;0040;0.0;0.0;0.375;0.625;0.0;0.0
18;6;33;0041;0.0;0.0;0.37666666666666665;0.6233333333333333;0.0;0.0
18;7;55;0001;0.5468277945619335;0.0;0.0;0.45317220543806647;0.0;0.0
18;7;66;0001;0.3992932862190813;0.0;0.0;0.6007067137809188;0.0;0.0
18;7;66;0002;0.28169014084507044;0.0;0.0;0.7183098591549296;0.0;0.0
18;7;133;0001;0.6254826254826255;0.0;0.0;0.3745173745173745;0.0;0.0
18;7;133;0002;0.5359477124183006;0.0;0.0;0.46405228758169936;0.0;0.0
18;7;137;0001;0.5242290748898678;0.0;0.0;0.47577092511013214;0.0;0.0
18;7;157;0001;0.6424870466321243;0.0;0.0;0.35751295336787564;0.0;0.0
18;7;181;0001;0.6394230769230769;0.0;0.0;0.3605769230769231;0.0;0.0
18;7;182;0001;0.4588235294117647;0.0;0.0;0.5411764705882353;0.0;0.0
18;7;188;0001;0.5232558139534884;0.0;0.0;0.47674418604651164;0.0;0.0
18;7;198;0001;0.40476190476190477;0.0;0.0;0.5952380952380952;0.0;0.0
18;7;207;0001;0.4899598393574297;0.0;0.0;0.5100401606425703;0.0;0.0
18;7;207;0002;0.42757009345794394;0.0;0.0;0.572429906542056;0.0;0.0
18;7;207;0003;0.39835728952772076;0.0;0.0;0.6016427104722792;0.0;0.0
18;7;207;0004;0.4227053140096618;0.0;0.0;0.5772946859903382;0.0;0.0
18;7;207;0005;0.4255874673629243;0.0;0.0;0.5744125326370757;0.0;0.0
18;7;207;0006;0.5084745762711864;0.0;0.0;0.4915254237288136;0.0;0.0
18;7;244;0001;0.3125;0.0;0.0;0.6875;0.0;0.0
18;7;255;0001;0.40063091482649843;0.0;0.0;0.5993690851735016;0.0;0.0
18;7;285;0001;0.46405228758169936;0.0;0.0;0.5359477124183006;0.0;0.0
18;8;2;0001;0.0;0.352112676056338;0.0;0.647887323943662;0.0;0.0
18;8;9;0001;0.0;0.3;0.0;0.7;0.0;0.0
18;8;10;0001;0.0;0.21505376344086022;0.0;0.7849462365591398;0.0;0.0
18;8;24;0001;0.0;0.2903225806451613;0.0;0.7096774193548387;0.0;0.0
18;8;41;0001;0.0;0.4625;0.0;0.5375;0.0;0.0
18;8;43;0001;0.0;0.33695652173913043;0.0;0.6630434782608695;0.0;0.0
18;8;57;0001;0.0;0.40540540540540543;0.0;0.5945945945945946;0.0;0.0
18;8;57;0002;0.0;0.34210526315789475;0.0;0.6578947368421053;0.0;0.0
18;8;59;0001;0.0;0.2557544757033248;0.0;0.7442455242966752;0.0;0.0
18;8;65;0001;0.0;0.40625;0.0;0.59375;0.0;0.0
18;8;83;0001;0.0;0.38079470198675497;0.0;0.6192052980132451;0.0;0.0
18;8;89;0001;0.0;0.41919191919191917;0.0;0.5808080808080808;0.0;0.0
18;8;93;0001;0.0;0.3728813559322034;0.0;0.6271186440677966;0.0;0.0
18;8;112;0001;0.0;0.4880952380952381;0.0;0.5119047619047619;0.0;0.0
18;8;114;0001;0.0;0.5365853658536586;0.0;0.4634146341463415;0.0;0.0
18;8;127;0001;0.0;0.4472843450479233;0.0;0.5527156549520766;0.0;0.0
18;8;127;0002;0.0;0.3583061889250814;0.0;0.6416938110749185;0.0;0.0
18;8;130;0001;0.0;0.37037037037037035;0.0;0.6296296296296297;0.0;0.0
18;8;135;0001;0.0;0.36792452830188677;0.0;0.6320754716981132;0.0;0.0
18;8;152;0001;0.0;0.5918367346938775;0.0;0.40816326530612246;0.0;0.0
18;8;153;0001;0.0;0.3247863247863248;0.0;0.6752136752136753;0.0;0.0
18;8;178;0001;0.0;0.26851851851851855;0.0;0.7314814814814815;0.0;0.0
18;8;187;0001;0.0;0.37719298245614036;0.0;0.6228070175438597;0.0;0.0
18;8;192;0001;0.0;0.4339622641509434;0.0;0.5660377358490566;0.0;0.0
18;8;193;0001;0.0;0.3877551020408163;0.0;0.6122448979591837;0.0;0.0
18;8;199;0001;0.0;0.44545454545454544;0.0;0.5545454545454546;0.0;0.0
18;8;203;0001;0.0;0.48484848484848486;0.0;0.5151515151515151;0.0;0.0
18;8;209;0001;0.0;0.26126126126126126;0.0;0.7387387387387387;0.0;0.0
18;8;216;0001;0.0;0.46;0.0;0.54;0.0;0.0
18;8;217;0001;0.0;0.2222222222222222;0.0;0.7777777777777778;0.0;0.0
18;8;225;0001;0.0;0.4444444444444444;0.0;0.5555555555555556;0.0;0.0
18;8;230;0001;0.0;0.524822695035461;0.0;0.475177304964539;0.0;0.0
18;8;232;0001;0.0;0.336283185840708;0.0;0.6637168141592921;0.0;0.0
18;8;234;0001;0.0;0.5060975609756098;0.0;0.49390243902439024;0.0;0.0
18;8;238;0001;0.0;0.37254901960784315;0.0;0.6274509803921569;0.0;0.0
18;8;245;0001;0.0;0.2893401015228426;0.0;0.7106598984771574;0.0;0.0
18;8;252;0001;0.0;0.5159235668789809;0.0;0.4840764331210191;0.0;0.0
18;8;266;0001;0.0;0.35359116022099446;0.0;0.6464088397790055;0.0;0.0
18;8;278;0001;0.0;0.38308457711442784;0.0;0.6169154228855721;0.0;0.0
18;8;283;0001;0.0;0.4666666666666667;0.0;0.5333333333333333;0.0;0.0
18;9;13;0001;0.0;0.36082474226804123;0.0;0.6391752577319587;0.0;0.0
18;9;17;0001;0.0;0.4015151515151515;0.0;0.5984848484848485;0.0;0.0
18;9;21;0001;0.0;0.40350877192982454;0.0;0.5964912280701754;0.0;0.0
18;9;29;0001;0.0;0.36363636363636365;0.0;0.6363636363636364;0.0;0.0
18;9;40;0001;0.0;0.3873239436619718;0.0;0.6126760563380281;0.0;0.0
18;9;45;0001;0.0;0.5;0.0;0.5;0.0;0.0
18;9;52;0001;0.0;0.28530259365994237;0.0;0.7146974063400576;0.0;0.0
18;9;52;0002;0.0;0.2845528455284553;0.0;0.7154471544715447;0.0;0.0
18;9;60;0001;0.0;0.5882352941176471;0.0;0.4117647058823529;0.0;0.0
18;9;68;0001;0.0;0.2727272727272727;0.0;0.7272727272727273;0.0;0.0
18;9;71;0001;0.0;0.11764705882352941;0.0;0.8823529411764706;0.0;0.0
18;9;76;0001;0.0;0.45930232558139533;0.0;0.5406976744186046;0.0;0.0
18;9;87;0001;0.0;0.24688796680497926;0.0;0.7531120331950207;0.0;0.0
18;9;87;0002;0.0;0.24190064794816415;0.0;0.7580993520518359;0.0;0.0
18;9;87;0003;0.0;0.2943722943722944;0.0;0.7056277056277056;0.0;0.0
18;9;102;0001;0.0;0.4811320754716981;0.0;0.5188679245283019;0.0;0.0
18;9;106;0001;0.0;0.5287356321839081;0.0;0.47126436781609193;0.0;0.0
18;9;121;0001;0.0;0.2978723404255319;0.0;0.7021276595744681;0.0;0.0
18;9;155;0001;0.0;0.5116279069767442;0.0;0.4883720930232558;0.0;0.0
18;9;161;0001;0.0;0.3879310344827586;0.0;0.6120689655172413;0.0;0.0
18;9;164;0001;0.0;0.38461538461538464;0.0;0.6153846153846154;0.0;0.0
18;9;173;0001;0.0;0.49107142857142855;0.0;0.5089285714285714;0.0;0.0
18;9;177;0001;0.0;0.4;0.0;0.6;0.0;0.0
18;9;183;0001;0.0;0.28125;0.0;0.71875;0.0;0.0
18;9;191;0001;0.0;0.38235294117647056;0.0;0.6176470588235294;0.0;0.0
18;9;195;0001;0.0;0.4117647058823529;0.0;0.5882352941176471;0.0;0.0
18;9;196;0001;0.0;0.2857142857142857;0.0;0.7142857142857143;0.0;0.0
18;9;204;0001;0.0;0.37037037037037035;0.0;0.6296296296296297;0.0;0.0
18;9;212;0001;0.0;0.3364485981308411;0.0;0.6635514018691588;0.0;0.0
18;9;231;0001;0.0;0.3985239852398524;0.0;0.6014760147601476;0.0;0.0
18;9;242;0001;0.0;0.4508670520231214;0.0;0.5491329479768786;0.0;0.0
18;9;242;0002;0.0;0.4350282485875706;0.0;0.5649717514124294;0.0;0.0
18;9;261;0001;0.0;0.38095238095238093;0.0;0.6190476190476191;0.0;0.0
18;9;275;0001;0.0;0.5522388059701493;0.0;0.44776119402985076;0.0;0.0
18;9;276;0001;0.0;0.3375;0.0;0.6625;0.0;0.0
18;9;277;0001;0.0;0.35;0.0;0.65;0.0;0.0
18;10;7;0001;0.0;0.13636363636363635;0.06818181818181818;0.7954545454545454;0.0;0.0
18;10;31;0001;0.0;0.3360995850622407;0.42738589211618255;0.23651452282157676;0.0;0.0
18;10;48;0001;0.0;0.3221476510067114;0.3825503355704698;0.2953020134228188;0.0;0.0
18;10;54;0001;0.0;0.358974358974359;0.2564102564102564;0.38461538461538464;0.0;0.0
18;10;62;0001;0.0;0.23636363636363636;0.4;0.36363636363636365;0.0;0.0
18;10;72;0001;0.0;0.4774774774774775;0.2882882882882883;0.23423423423423423;0.0;0.0
18;10;75;0001;0.0;0.3502415458937198;0.3695652173913043;0.28019323671497587;0.0;0.0
18;10;80;0001;0.0;0.3333333333333333;0.2608695652173913;0.4057971014492754;0.0;0.0
18;10;82;0001;0.0;0.1683991683991684;0.2390852390852391;0.5925155925155925;0.0;0.0
18;10;95;0001;0.0;0.4444444444444444;0.2777777777777778;0.2777777777777778;0.0;0.0
18;10;101;0001;0.0;0.21428571428571427;0.42857142857142855;0.35714285714285715;0.0;0.0
18;10;108;0001;0.0;0.26758409785932724;0.3623853211009174;0.37003058103975534;0.0;0.0
18;10;108;0002;0.0;0.30678466076696165;0.4277286135693215;0.26548672566371684;0.0;0.0
18;10;113;0001;0.0;0.352112676056338;0.36619718309859156;0.28169014084507044;0.0;0.0
18;10;118;0001;0.0;0.31365313653136534;0.4280442804428044;0.25830258302583026;0.0;0.0
18;10;131;0001;0.0;0.17647058823529413;0.29411764705882354;0.5294117647058824;0.0;0.0
18;10;143;0001;0.0;0.4180327868852459;0.4426229508196721;0.13934426229508196;0.0;0.0
18;10;154;0001;0.0;0.40425531914893614;0.26595744680851063;0.32978723404255317;0.0;0.0
18;10;160;0001;0.0;0.30590339892665475;0.40250447227191416;0.29159212880143115;0.0;0.0
18;10;175;0001;0.0;0.36507936507936506;0.38492063492063494;0.25;0.0;0.0
18;10;215;0001;0.0;0.2537313432835821;0.373134328358209;0.373134328358209;0.0;0.0
18;10;260;0001;0.0;0.42105263157894735;0.07894736842105263;0.5;0.0;0.0
18;10;265;0001;0.0;0.2576271186440678;0.6305084745762712;0.11186440677966102;0.0;0.0
18;11;5;0001;0.0;0.3090909090909091;0.0;0.6909090909090909;0.0;0.0
18;11;28;0001;0.0;0.3258426966292135;0.0;0.6741573033707865;0.0;0.0
18;11;36;0001;0.0;0.3253588516746411;0.0;0.6746411483253588;0.0;0.0
18;11;44;0001;0.0;0.4112903225806452;0.0;0.5887096774193549;0.0;0.0
18;11;64;0001;0.0;0.3048780487804878;0.0;0.6951219512195121;0.0;0.0
18;11;96;0001;0.0;0.46779661016949153;0.0;0.5322033898305085;0.0;0.0
18;11;96;0002;0.0;0.4024896265560166;0.0;0.5975103734439834;0.0;0.0
18;11;124;0001;0.0;0.30344827586206896;0.0;0.696551724137931;0.0;0.0
18;11;128;0001;0.0;0.4;0.0;0.6;0.0;0.0
18;11;134;0001;0.0;0.32051282051282054;0.0;0.6794871794871795;0.0;0.0
18;11;140;0001;0.0;0.38011695906432746;0.0;0.6198830409356725;0.0;0.0
18;11;141;0001;0.0;0.21621621621621623;0.0;0.7837837837837838;0.0;0.0
18;11;141;0002;0.0;0.3687707641196013;0.0;0.6312292358803987;0.0;0.0
18;11;141;0003;0.0;0.32951289398280803;0.0;0.670487106017192;0.0;0.0
18;11;141;0004;0.0;0.2587268993839836;0.0;0.7412731006160165;0.0;0.0
18;11;141;0005;0.0;0.40100250626566414;0.0;0.5989974937343359;0.0;0.0
18;11;141;0006;0.0;0.34065934065934067;0.0;0.6593406593406593;0.0;0.0
18;11;148;0001;0.0;0.3183856502242152;0.0;0.6816143497757847;0.0;0.0
18;11;148;0002;0.0;0.3868131868131868;0.0;0.6131868131868132;0.0;0.0
18;11;186;0001;0.0;0.3231707317073171;0.0;0.676829268292683;0.0;0.0
18;11;190;0001;0.0;0.3333333333333333;0.0;0.6666666666666666;0.0;0.0
18;11;237;0001;0.0;0.37423312883435583;0.0;0.6257668711656442;0.0;0.0
18;12;34;0001;0.0;0.4583333333333333;0.0;0.0;0.5416666666666666;0.0
18;12;38;0001;0.0;0.4377880184331797;0.0;0.0;0.5622119815668203;0.0
18;12;42;0001;0.0;0.5190839694656488;0.0;0.0;0.48091603053435117;0.0
18;12;69;0001;0.0;0.42857142857142855;0.0;0.0;0.5714285714285714;0.0
18;12;86;0001;0.0;0.35398230088495575;0.0;0.0;0.6460176991150443;0.0
18;12;91;0001;0.0;0.43037974683544306;0.0;0.0;0.569620253164557;0.0
18;12;107;0001;0.0;0.24615384615384617;0.0;0.0;0.7538461538461538;0.0
18;12;136;0001;0.0;0.4909090909090909;0.0;0.0;0.509090909090909;0.0
18;12;142;0001;0.0;0.4015748031496063;0.0;0.0;0.5984251968503937;0.0
18;12;169;0001;0.0;0.5365853658536586;0.0;0.0;0.4634146341463415;0.0
18;12;171;0001;0.0;0.5227272727272727;0.0;0.0;0.4772727272727273;0.0
18;12;172;0001;0.0;0.4176334106728538;0.0;0.0;0.5823665893271461;0.0
18;12;172;0002;0.0;0.4166666666666667;0.0;0.0;0.5833333333333334;0.0
18;12;197;0001;0.0;0.2641509433962264;0.0;0.0;0.7358490566037735;0.0
18;12;197;0002;0.0;0.40153452685422;0.0;0.0;0.59846547314578;0.0
18;12;197;0003;0.0;0.29577464788732394;0.0;0.0;0.704225352112676;0.0
18;12;197;0004;0.0;0.3439024390243902;0.0;0.0;0.6560975609756098;0.0
18;12;197;0005;0.0;0.42333333333333334;0.0;0.0;0.5766666666666667;0.0
18;12;197;0006;0.0;0.3123425692695214;0.0;0.0;0.6876574307304786;0.0
18;12;197;0007;0.0;0.3914285714285714;0.0;0.0;0.6085714285714285;0.0
18;12;197;0008;0.0;0.4174454828660436;0.0;0.0;0.5825545171339563;0.0
18;12;197;0009;0.0;0.3801369863013699;0.0;0.0;0.6198630136986302;0.0
18;13;50;0001;0.0;0.0;0.0;0.20973154362416108;0.0;0.790268456375839
18;13;50;0002;0.0;0.0;0.0;0.18473895582329317;0.0;0.8152610441767069
18;13;50;0003;0.0;0.0;0.0;0.2591093117408907;0.0;0.7408906882591093
18;13;138;0001;0.0;0.0;0.0;0.47558386411889597;0.0;0.524416135881104
18;13;138;0002;0.0;0.0;0.0;0.5444743935309974;0.0;0.4555256064690027
18;13;205;0001;0.0;0.0;0.0;0.5798525798525799;0.0;0.4201474201474201
18;13;205;0002;0.0;0.0;0.0;0.6098360655737705;0.0;0.3901639344262295
18;13;205;0003;0.0;0.0;0.0;0.6088709677419355;0.0;0.3911290322580645
18;13;205;0004;0.0;0.0;0.0;0.6604414261460102;0.0;0.3395585738539898
18;13;205;0005;0.0;0.0;0.0;0.6666666666666666;0.0;0.3333333333333333
18;13;205;0006;0.0;0.0;0.0;0.6121212121212121;0.0;0.3878787878787879
18;13;205;0007;0.0;0.0;0.0;0.6424501424501424;0.0;0.3575498575498576
18;13;205;0008;0.0;0.0;0.0;0.6212121212121212;0.0;0.3787878787878788
18;14;3;0001;0.0;0.37191358024691357;0.0;0.6280864197530864;0.0;0.0
18;14;16;0001;0.0;0.3008849557522124;0.0;0.6991150442477876;0.0;0.0
18;14;19;0001;0.0;0.3567567567567568;0.0;0.6432432432432432;0.0;0.0
18;14;35;0001;0.0;0.3967741935483871;0.0;0.603225806451613;0.0;0.0
18;14;51;0001;0.0;0.3150684931506849;0.0;0.684931506849315;0.0;0.0
18;14;109;0001;0.0;0.3200636942675159;0.0;0.6799363057324841;0.0;0.0
18;14;109;0002;0.0;0.1935483870967742;0.0;0.8064516129032258;0.0;0.0
18;14;111;0001;0.0;0.2714285714285714;0.0;0.7285714285714285;0.0;0.0
18;14;151;0001;0.0;0.29651162790697677;0.0;0.7034883720930233;0.0;0.0
18;14;156;0001;0.0;0.2426470588235294;0.0;0.7573529411764706;0.0;0.0
18;14;162;0001;0.0;0.23008849557522124;0.0;0.7699115044247787;0.0;0.0
18;14;163;0001;0.0;0.17123287671232876;0.0;0.8287671232876712;0.0;0.0
18;14;176;0001;0.0;0.4228187919463087;0.0;0.5771812080536913;0.0;0.0
18;14;194;0001;0.0;0.3582554517133956;0.0;0.6417445482866043;0.0;0.0
18;14;202;0001;0.0;0.058823529411764705;0.0;0.9411764705882353;0.0;0.0
18;14;213;0001;0.0;0.3469387755102041;0.0;0.6530612244897959;0.0;0.0
18;14;213;0002;0.0;0.4051094890510949;0.0;0.5948905109489051;0.0;0.0
18;14;213;0003;0.0;0.3595890410958904;0.0;0.6404109589041096;0.0;0.0
18;14;213;0004;0.0;0.3858267716535433;0.0;0.6141732283464567;0.0;0.0
18;14;213;0005;0.0;0.3217391304347826;0.0;0.6782608695652174;0.0;0.0
18;14;226;0001;0.0;0.3419354838709677;0.0;0.6580645161290323;0.0;0.0
18;14;235;0001;0.0;0.3575268817204301;0.0;0.6424731182795699;0.0;0.0
18;14;253;0001;0.0;0.36645962732919257;0.0;0.6335403726708074;0.0;0.0
18;15;1;0001;0.0;0.2682926829268293;0.3719512195121951;0.3597560975609756;0.0;0.0
18;15;4;0001;0.0;0.35049019607843135;0.2549019607843137;0.3946078431372549;0.0;0.0
18;15;97;0001;0.0;0.21153846153846154;0.4166666666666667;0.3717948717948718;0.0;0.0
18;15;97;0002;0.0;0.20408163265306123;0.4005102040816326;0.39540816326530615;0.0;0.0
18;15;145;0001;0.0;0.32748538011695905;0.23391812865497075;0.43859649122807015;0.0;0.0
18;15;145;0002;0.0;0.30434782608695654;0.2536231884057971;0.4420289855072464;0.0;0.0
18;15;179;0001;0.0;0.16348773841961853;0.5204359673024523;0.31607629427792916;0.0;0.0
18;15;189;0001;0.0;0.19545454545454546;0.20454545454545456;0.6;0.0;0.0
18;15;206;0001;0.0;0.1908831908831909;0.4843304843304843;0.3247863247863248;0.0;0.0
18;15;206;0002;0.0;0.23809523809523808;0.36904761904761907;0.39285714285714285;0.0;0.0
18;15;211;0001;0.0;0.23465703971119134;0.37545126353790614;0.3898916967509025;0.0;0.0
18;15;219;0001;0.0;0.24074074074074073;0.4567901234567901;0.30246913580246915;0.0;0.0
18;15;223;0001;0.0;0.21721311475409835;0.14754098360655737;0.6352459016393442;0.0;0.0
18;15;223;0002;0.0;0.19047619047619047;0.1357142857142857;0.6738095238095239;0.0;0.0
18;15;229;0001;0.0;0.23225806451612904;0.2064516129032258;0.5612903225806452;0.0;0.0
18;15;271;0001;0.0;0.30988593155893535;0.3231939163498099;0.3669201520912547;0.0;0.0
18;15;280;0001;0.0;0.26174496644295303;0.3288590604026846;0.40939597315436244;0.0;0.0
18;15;281;0001;0.0;0.26063829787234044;0.23138297872340424;0.5079787234042553;0.0;0.0
18;15;281;0002;0.0;0.37346437346437344;0.22358722358722358;0.40294840294840295;0.0;0.0
18;15;290;0001;0.0;0.3482587064676617;0.27860696517412936;0.373134328358209;0.0;0.0
18;16;14;0001;0.0;0.313953488372093;0.3488372093023256;0.3372093023255814;0.0;0.0
18;16;20;0001;0.0;0.3963254593175853;0.25984251968503935;0.3438320209973753;0.0;0.0
18;16;22;0001;0.0;0.34444444444444444;0.25555555555555554;0.4;0.0;0.0
18;16;26;0001;0.0;0.17123287671232876;0.3424657534246575;0.4863013698630137;0.0;0.0
18;16;32;0001;0.0;0.2955271565495208;0.4073482428115016;0.2971246006389776;0.0;0.0
18;16;39;0001;0.0;0.1125;0.15;0.7375;0.0;0.0
18;16;70;0001;0.0;0.211864406779661;0.1694915254237288;0.6186440677966102;0.0;0.0
18;16;74;0001;0.0;0.3978494623655914;0.24731182795698925;0.3548387096774194;0.0;0.0
18;16;79;0001;0.0;0.2803347280334728;0.38493723849372385;0.33472803347280333;0.0;0.0
18;16;84;0001;0.0;0.37894736842105264;0.24210526315789474;0.37894736842105264;0.0;0.0
18;16;94;0001;0.0;0.25949367088607594;0.22784810126582278;0.5126582278481012;0.0;0.0
18;16;98;0001;0.0;0.2698412698412698;0.2222222222222222;0.5079365079365079;0.0;0.0
18;16;116;0001;0.0;0.3013698630136986;0.2191780821917808;0.4794520547945205;0.0;0.0
18;16;117;0001;0.0;0.3807531380753138;0.29707112970711297;0.32217573221757323;0.0;0.0
18;16;125;0001;0.0;0.2868217054263566;0.4069767441860465;0.3062015503875969;0.0;0.0
18;16;144;0001;0.0;0.3130434782608696;0.2;0.48695652173913045;0.0;0.0
18;16;146;0001;0.0;0.3404255319148936;0.3475177304964539;0.3120567375886525;0.0;0.0
18;16;168;0001;0.0;0.25874125874125875;0.5244755244755245;0.21678321678321677;0.0;0.0
18;16;200;0001;0.0;0.3395061728395062;0.18518518518518517;0.47530864197530864;0.0;0.0
18;16;208;0001;0.0;0.28846153846153844;0.4182692307692308;0.2932692307692308;0.0;0.0
18;16;233;0001;0.0;0.3262642740619902;0.23491027732463296;0.43882544861337686;0.0;0.0
18;16;241;0001;0.0;0.19827586206896552;0.2974137931034483;0.5043103448275862;0.0;0.0
18;16;241;0002;0.0;0.14432989690721648;0.13402061855670103;0.7216494845360825;0.0;0.0
18;16;241;0003;0.0;0.22641509433962265;0.2641509433962264;0.5094339622641509;0.0;0.0
18;16;243;0001;0.0;0.3476190476190476;0.3;0.3523809523809524;0.0;0.0
18;16;246;0001;0.0;0.29280397022332505;0.34491315136476425;0.36228287841191065;0.0;0.0
18;16;249;0001;0.0;0.33689839572192515;0.20855614973262032;0.45454545454545453;0.0;0.0
18;16;256;0001;0.0;0.2654320987654321;0.46296296296296297;0.2716049382716049;0.0;0.0
18;16;257;0001;0.0;0.2099125364431487;0.6122448979591837;0.17784256559766765;0.0;0.0
18;16;258;0001;0.0;0.2600732600732601;0.23076923076923078;0.5091575091575091;0.0;0.0
18;16;259;0001;0.0;0.2857142857142857;0.4217687074829932;0.2925170068027211;0.0;0.0
18;16;262;0001;0.0;0.3188405797101449;0.2536231884057971;0.427536231884058;0.0;0.0
18;16;264;0001;0.0;0.4473684210526316;0.15789473684210525;0.39473684210526316;0.0;0.0
18;16;269;0001;0.0;0.29607250755287007;0.29003021148036257;0.41389728096676737;0.0;0.0
18;16;272;0001;0.0;0.22053231939163498;0.3193916349809886;0.4600760456273764;0.0;0.0
18;16;274;0001;0.0;0.14201183431952663;0.10059171597633136;0.757396449704142;0.0;0.0
18;16;284;0001;0.0;0.20909090909090908;0.6;0.19090909090909092;0.0;0.0
18;16;287;0001;0.0;0.3051948051948052;0.21428571428571427;0.4805194805194805;0.0;0.0
18;17;6;0001;0.0;0.3103448275862069;0.0;0.6896551724137931;0.0;0.0
18;17;8;0001;0.0;0.3918918918918919;0.0;0.6081081081081081;0.0;0.0
18;17;46;0001;0.0;0.5238095238095238;0.0;0.47619047619047616;0.0;0.0
18;17;58;0001;0.0;0.35918367346938773;0.0;0.6408163265306123;0.0;0.0
18;17;58;0002;0.0;0.25229357798165136;0.0;0.7477064220183486;0.0;0.0
18;17;63;0001;0.0;0.4;0.0;0.6;0.0;0.0
18;17;73;0001;0.0;0.4418604651162791;0.0;0.5581395348837209;0.0;0.0
18;17;78;0001;0.0;0.4473684210526316;0.0;0.5526315789473685;0.0;0.0
18;17;122;0001;0.0;0.40625;0.0;0.59375;0.0;0.0
18;17;126;0001;0.0;0.3224400871459695;0.0;0.6775599128540305;0.0;0.0
18;17;129;0001;0.0;0.4305555555555556;0.0;0.5694444444444444;0.0;0.0
18;17;180;0001;0.0;0.1731266149870801;0.0;0.8268733850129198;0.0;0.0
18;17;180;0002;0.0;0.22324159021406728;0.0;0.7767584097859327;0.0;0.0
18;17;201;0001;0.0;0.36086956521739133;0.0;0.6391304347826087;0.0;0.0
18;17;218;0001;0.0;0.3691588785046729;0.0;0.6308411214953271;0.0;0.0
18;17;221;0001;0.0;0.45045045045045046;0.0;0.5495495495495496;0.0;0.0
18;17;222;0001;0.0;0.23529411764705882;0.0;0.7647058823529411;0.0;0.0
18;17;236;0001;0.0;0.425531914893617;0.0;0.574468085106383;0.0;0.0
18;17;248;0001;0.0;0.38011695906432746;0.0;0.6198830409356725;0.0;0.0
18;17;250;0001;0.0;0.3103448275862069;0.0;0.6896551724137931;0.0;0.0
18;17;254;0001;0.0;0.4253393665158371;0.0;0.5746606334841629;0.0;0.0
18;17;267;0001;0.0;0.29347826086956524;0.0;0.7065217391304348;0.0;0.0
18;17;267;0002;0.0;0.294478527607362;0.0;0.7055214723926381;0.0;0.0
18;17;267;0003;0.0;0.2795031055900621;0.0;0.7204968944099379;0.0;0.0
18;17;267;0004;0.0;0.35561497326203206;0.0;0.6443850267379679;0.0;0.0
18;17;268;0001;0.0;0.49624060150375937;0.0;0.5037593984962406;0.0;0.0
18;17;270;0001;0.0;0.4434782608695652;0.0;0.5565217391304348;0.0;0.0
18;17;273;0001;0.0;0.3573667711598746;0.0;0.6426332288401254;0.0;0.0
18;17;288;0001;0.0;0.2840909090909091;0.0;0.7159090909090909;0.0;0.0
18;18;279;0004;0.5505226480836237;0.44947735191637633;0.0;0.0;0.0;0.0
18;18;279;0005;0.5706371191135734;0.4293628808864266;0.0;0.0;0.0;0.0
18;18;279;0006;0.5934065934065934;0.4065934065934066;0.0;0.0;0.0;0.0
18;18;279;0007;0.6211180124223602;0.37888198757763975;0.0;0.0;0.0;0.0
18;18;279;0008;0.5474137931034483;0.4525862068965517;0.0;0.0;0.0;0.0
18;18;279;0009;0.6548387096774193;0.34516129032258064;0.0;0.0;0.0;0.0
18;18;279;0012;0.5204359673024523;0.47956403269754766;0.0;0.0;0.0;0.0
18;18;279;0014;0.5483870967741935;0.45161290322580644;0.0;0.0;0.0;0.0
18;18;279;0015;0.7845303867403315;0.2154696132596685;0.0;0.0;0.0;0.0
18;18;279;0016;0.6084507042253521;0.39154929577464787;0.0;0.0;0.0;0.0
18;18;279;0018;0.6942446043165468;0.3057553956834532;0.0;0.0;0.0;0.0
18;18;279;0019;0.6898148148148148;0.3101851851851852;0.0;0.0;0.0;0.0
18;18;279;0025;0.6888111888111889;0.3111888111888112;0.0;0.0;0.0;0.0
18;18;279;0026;0.6512261580381471;0.34877384196185285;0.0;0.0;0.0;0.0
18;18;279;0027;0.6638176638176638;0.33618233618233617;0.0;0.0;0.0;0.0
18;19;85;0001;0.5784313725490197;0.4215686274509804;0.0;0.0;0.0;0.0
18;19;100;0001;0.5045045045045045;0.4954954954954955;0.0;0.0;0.0;0.0
18;19;103;0001;0.6379310344827587;0.3620689655172414;0.0;0.0;0.0;0.0
18;19;150;0001;0.467680608365019;0.532319391634981;0.0;0.0;0.0;0.0
18;19;167;0001;0.46875;0.53125;0.0;0.0;0.0;0.0
18;19;210;0001;0.5905511811023622;0.4094488188976378;0.0;0.0;0.0;0.0
18;19;214;0001;0.6007326007326007;0.3992673992673993;0.0;0.0;0.0;0.0
18;19;228;0001;0.5051546391752577;0.4948453608247423;0.0;0.0;0.0;0.0
18;19;263;0001;0.5501730103806228;0.44982698961937717;0.0;0.0;0.0;0.0
18;19;279;0001;0.5601659751037344;0.43983402489626555;0.0;0.0;0.0;0.0
18;19;279;0002;0.5755102040816327;0.42448979591836733;0.0;0.0;0.0;0.0
18;19;279;0003;0.6061381074168798;0.3938618925831202;0.0;0.0;0.0;0.0
18;19;279;0010;0.6720430107526881;0.3279569892473118;0.0;0.0;0.0;0.0
18;19;279;0011;0.5331491712707183;0.46685082872928174;0.0;0.0;0.0;0.0
18;19;279;0013;0.43243243243243246;0.5675675675675675;0.0;0.0;0.0;0.0
18;19;279;0017;0.602803738317757;0.397196261682243;0.0;0.0;0.0;0.0
18;19;279;0020;0.5491525423728814;0.45084745762711864;0.0;0.0;0.0;0.0
18;19;279;0021;0.5807228915662651;0.41927710843373495;0.0;0.0;0.0;0.0
18;19;279;0022;0.7928571428571428;0.20714285714285716;0.0;0.0;0.0;0.0
18;19;279;0023;0.6143250688705234;0.3856749311294766;0.0;0.0;0.0;0.0
18;19;279;0024;0.47297297297297297;0.527027027027027;0.0;0.0;0.0;0.0
