CODDPT;CODCAN;CODSUBCOM;CODBURVOT;NBRINS;NBREXP;%ABS/INS;%BLCNUL/VOT;%EXP/VOT;BC-DLF;BC-DVD;BC-DVG;BC-FG;BC-FN;BC-SOC;BC-UC;BC-UD;BC-UDI;BC-UG;BC-UMP
18;1;11;0001;841;430;0.47443519619500596;0.027149321266968326;0.9728506787330317;0.0;0.0;0.0;0.06511627906976744;0.2534883720930233;0.10930232558139535;0.0;0.5720930232558139;0.0;0.0;0.0
18;1;11;0002;933;492;0.45980707395498394;0.023809523809523808;0.9761904761904762;0.0;0.0;0.0;0.07317073170731707;0.2682926829268293;0.10365853658536585;0.0;0.5548780487804879;0.0;0.0;0.0
18;1;15;0001;835;386;0.5173652694610779;0.04218362282878412;0.9578163771712159;0.0;0.0;0.0;0.09585492227979274;0.2927461139896373;0.10103626943005181;0.0;0.5103626943005182;0.0;0.0;0.0
18;1;15;0002;846;428;0.47044917257683216;0.044642857142857144;0.9553571428571429;0.0;0.0;0.0;0.1191588785046729;0.3107476635514019;0.08411214953271028;0.0;0.48598130841121495;0.0;0.0;0.0
18;1;15;0003;929;556;0.3756727664155005;0.041379310344827586;0.9586206896551724;0.0;0.0;0.0;0.1474820143884892;0.24640287769784172;0.10971223021582734;0.0;0.49640287769784175;0.0;0.0;0.0
18;1;15;0004;849;445;0.45111896348645464;0.045064377682403435;0.9549356223175965;0.0;0.0;0.0;0.1101123595505618;0.24269662921348314;0.09662921348314607;0.0;0.550561797752809;0.0;0.0;0.0
18;1;15;0005;767;388;0.45632333767926986;0.06954436450839328;0.9304556354916067;0.0;0.0;0.0;0.14948453608247422;0.2860824742268041;0.1056701030927835;0.0;0.4587628865979381;0.0;0.0;0.0
18;1;30;0001;944;463;0.475635593220339;0.06464646464646465;0.9353535353535354;0.0;0.0;0.0;0.08639308855291576;0.3801295896328294;0.14254859611231102;0.0;0.39092872570194387;0.0;0.0;0.0
18;1;37;0001;896;441;0.47879464285714285;0.055674518201284794;0.9443254817987152;0.0;0.0;0.0;0.05895691609977324;0.30158730158730157;0.10657596371882086;0.0;0.5328798185941043;0.0;0.0;0.0
18;1;47;0001;500;271;0.412;0.0782312925170068;0.9217687074829932;0.0;0.0;0.0;0.12177121771217712;0.33579335793357934;0.1033210332103321;0.0;0.43911439114391143;0.0;0.0;0.0
18;1;67;0001;565;307;0.4424778761061947;0.025396825396825397;0.9746031746031746;0.0;0.0;0.0;0.048859934853420196;0.4169381107491857;0.1270358306188925;0.0;0.40716612377850164;0.0;0.0;0.0
18;1;88;0001;175;117;0.3142857142857143;0.025;0.975;0.0;0.0;0.0;0.06837606837606838;0.3418803418803419;0.09401709401709402;0.0;0.49572649572649574;0.0;0.0;0.0
18;1;115;0001;627;279;0.529505582137161;0.05423728813559322;0.9457627118644067;0.0;0.0;0.0;0.17204301075268819;0.3225806451612903;0.06451612903225806;0.0;0.44086021505376344;0.0;0.0;0.0
18;1;147;0001;205;109;0.44390243902439025;0.043859649122807015;0.956140350877193;0.0;0.0;0.0;0.09174311926605505;0.3853211009174312;0.07339449541284404;0.0;0.44954128440366975;0.0;0.0;0.0
18;1;149;0001;479;237;0.4801670146137787;0.04819277108433735;0.9518072289156626;0.0;0.0;0.0;0.16877637130801687;0.24472573839662448;0.16455696202531644;0.0;0.4219409282700422;0.0;0.0;0.0
18;1;159;0001;713;375;0.45722300140252453;0.031007751937984496;0.9689922480620154;0.0;0.0;0.0;0.10133333333333333;0.328;0.14933333333333335;0.0;0.42133333333333334;0.0;0.0;0.0
18;1;165;0001;1014;490;0.480276134122288;0.07020872865275142;0.9297912713472486;0.0;0.0;0.0;0.16938775510204082;0.4;0.10204081632653061;0.0;0.32857142857142857;0.0;0.0;0.0
18;1;170;0001;584;310;0.4554794520547945;0.025157232704402517;0.9748427672955975;0.0;0.0;0.0;0.054838709677419356;0.3741935483870968;0.11290322580645161;0.0;0.45806451612903226;0.0;0.0;0.0
18;1;185;0001;207;111;0.4396135265700483;0.04310344827586207;0.9568965517241379;0.0;0.0;0.0;0.08108108108108109;0.44144144144144143;0.13513513513513514;0.0;0.34234234234234234;0.0;0.0;0.0
18;1;227;0001;204;115;0.4166666666666667;0.03361344537815126;0.9663865546218487;0.0;0.0;0.0;0.008695652173913044;0.2608695652173913;0.12173913043478261;0.0;0.6086956521739131;0.0;0.0;0.0
18;2;12;0001;352;162;0.5198863636363636;0.04142011834319527;0.9585798816568047;0.0;0.0;0.14814814814814814;0.0;0.37037037037037035;0.2962962962962963;0.0;0.18518518518518517;0.0;0.0;0.0
18;2;18;0001;1397;681;0.4881889763779528;0.04755244755244755;0.9524475524475524;0.0;0.0;0.06167400881057269;0.0;0.3656387665198238;0.3392070484581498;0.0;0.23348017621145375;0.0;0.0;0.0
18;2;23;0001;1019;612;0.38959764474975467;0.01607717041800643;0.9839228295819936;0.0;0.0;0.03431372549019608;0.0;0.21568627450980393;0.3366013071895425;0.0;0.4133986928104575;0.0;0.0;0.0
18;2;25;0001;522;254;0.4942528735632184;0.03787878787878788;0.9621212121212122;0.0;0.0;0.3937007874015748;0.0;0.35039370078740156;0.1377952755905512;0.0;0.11811023622047244;0.0;0.0;0.0
18;2;27;0001;455;274;0.37142857142857144;0.04195804195804196;0.958041958041958;0.0;0.0;0.19343065693430658;0.0;0.33941605839416056;0.291970802919708;0.0;0.17518248175182483;0.0;0.0;0.0
18;2;49;0001;375;227;0.37333333333333335;0.03404255319148936;0.9659574468085106;0.0;0.0;0.18061674008810572;0.0;0.3832599118942731;0.1762114537444934;0.0;0.2599118942731278;0.0;0.0;0.0
18;2;53;0001;257;123;0.5019455252918288;0.0390625;0.9609375;0.0;0.0;0.10569105691056911;0.0;0.25203252032520324;0.2601626016260163;0.0;0.3821138211382114;0.0;0.0;0.0
18;2;56;0001;216;116;0.44907407407407407;0.025210084033613446;0.9747899159663865;0.0;0.0;0.12931034482758622;0.0;0.3706896551724138;0.3706896551724138;0.0;0.12931034482758622;0.0;0.0;0.0
18;2;61;0001;85;39;0.5058823529411764;0.07142857142857142;0.9285714285714286;0.0;0.0;0.1282051282051282;0.0;0.23076923076923078;0.41025641025641024;0.0;0.23076923076923078;0.0;0.0;0.0
18;2;77;0001;261;150;0.4061302681992337;0.03225806451612903;0.967741935483871;0.0;0.0;0.07333333333333333;0.0;0.3333333333333333;0.3933333333333333;0.0;0.2;0.0;0.0;0.0
18;2;81;0001;273;143;0.4542124542124542;0.040268456375838924;0.959731543624161;0.0;0.0;0.11888111888111888;0.0;0.40559440559440557;0.25874125874125875;0.0;0.21678321678321677;0.0;0.0;0.0
18;2;90;0001;324;148;0.4783950617283951;0.1242603550295858;0.8757396449704142;0.0;0.0;0.06756756756756757;0.0;0.31756756756756754;0.28378378378378377;0.0;0.3310810810810811;0.0;0.0;0.0
18;2;92;0001;651;332;0.4685099846390169;0.04046242774566474;0.9595375722543352;0.0;0.0;0.030120481927710843;0.0;0.2680722891566265;0.4367469879518072;0.0;0.26506024096385544;0.0;0.0;0.0
18;2;99;0001;176;88;0.44886363636363635;0.09278350515463918;0.9072164948453608;0.0;0.0;0.03409090909090909;0.0;0.3068181818181818;0.23863636363636365;0.0;0.42045454545454547;0.0;0.0;0.0
18;2;104;0001;121;55;0.5041322314049587;0.08333333333333333;0.9166666666666666;0.0;0.0;0.07272727272727272;0.0;0.4;0.14545454545454545;0.0;0.38181818181818183;0.0;0.0;0.0
18;2;105;0001;265;143;0.44528301886792454;0.027210884353741496;0.9727891156462585;0.0;0.0;0.09090909090909091;0.0;0.3776223776223776;0.20279720279720279;0.0;0.32867132867132864;0.0;0.0;0.0
18;2;105;0002;90;64;0.23333333333333334;0.07246376811594203;0.927536231884058;0.0;0.0;0.078125;0.0;0.234375;0.265625;0.0;0.421875;0.0;0.0;0.0
18;2;110;0001;772;376;0.49352331606217614;0.03836317135549872;0.9616368286445013;0.0;0.0;0.14893617021276595;0.0;0.3324468085106383;0.23138297872340424;0.0;0.2872340425531915;0.0;0.0;0.0
18;2;119;0001;148;65;0.5472972972972973;0.029850746268656716;0.9701492537313433;0.0;0.0;0.1076923076923077;0.0;0.3384615384615385;0.3384615384615385;0.0;0.2153846153846154;0.0;0.0;0.0
18;2;120;0001;299;177;0.3779264214046823;0.04838709677419355;0.9516129032258065;0.0;0.0;0.10734463276836158;0.0;0.4180790960451977;0.2937853107344633;0.0;0.1807909604519774;0.0;0.0;0.0
18;2;120;0002;161;93;0.39751552795031053;0.041237113402061855;0.9587628865979382;0.0;0.0;0.06451612903225806;0.0;0.46236559139784944;0.2903225806451613;0.0;0.1827956989247312;0.0;0.0;0.0
18;2;123;0001;42;28;0.30952380952380953;0.034482758620689655;0.9655172413793104;0.0;0.0;0.07142857142857142;0.0;0.07142857142857142;0.2857142857142857;0.0;0.5714285714285714;0.0;0.0;0.0
18;2;132;0001;132;83;0.3409090909090909;0.04597701149425287;0.9540229885057471;0.0;0.0;0.060240963855421686;0.0;0.21686746987951808;0.24096385542168675;0.0;0.4819277108433735;0.0;0.0;0.0
18;2;139;0001;513;264;0.47368421052631576;0.022222222222222223;0.9777777777777777;0.0;0.0;0.3371212121212121;0.0;0.42045454545454547;0.13257575757575757;0.0;0.10984848484848485;0.0;0.0;0.0
18;2;158;0001;552;265;0.4963768115942029;0.046762589928057555;0.9532374100719424;0.0;0.0;0.12075471698113208;0.0;0.27169811320754716;0.2679245283018868;0.0;0.33962264150943394;0.0;0.0;0.0
18;2;166;0001;340;192;0.4264705882352941;0.015384615384615385;0.9846153846153847;0.0;0.0;0.0625;0.0;0.17708333333333334;0.2708333333333333;0.0;0.4895833333333333;0.0;0.0;0.0
18;2;174;0001;152;82;0.40131578947368424;0.0989010989010989;0.9010989010989011;0.0;0.0;0.1951219512195122;0.0;0.3048780487804878;0.2682926829268293;0.0;0.23170731707317074;0.0;0.0;0.0
18;2;184;0001;205;112;0.44390243902439025;0.017543859649122806;0.9824561403508771;0.0;0.0;0.125;0.0;0.35714285714285715;0.2767857142857143;0.0;0.24107142857142858;0.0;0.0;0.0
18;2;220;0001;312;154;0.46794871794871795;0.07228915662650602;0.927710843373494;0.0;0.0;0.2077922077922078;0.0;0.4090909090909091;0.22727272727272727;0.0;0.15584415584415584;0.0;0.0;0.0
18;2;224;0001;261;128;0.4827586206896552;0.05185185185185185;0.9481481481481482;0.0;0.0;0.1015625;0.0;0.3671875;0.28125;0.0;0.25;0.0;0.0;0.0
18;2;239;0001;143;79;0.43356643356643354;0.024691358024691357;0.9753086419753086;0.0;0.0;0.06329113924050633;0.0;0.3037974683544304;0.379746835443038;0.0;0.25316455696202533;0.0;0.0;0.0
18;2;240;0001;568;288;0.4647887323943662;0.05263157894736842;0.9473684210526315;0.0;0.0;0.0763888888888889;0.0;0.3194444444444444;0.2916666666666667;0.0;0.3125;0.0;0.0;0.0
18;2;247;0001;494;264;0.44129554655870445;0.043478260869565216;0.9565217391304348;0.0;0.0;0.07954545454545454;0.0;0.32954545454545453;0.3409090909090909;0.0;0.25;0.0;0.0;0.0
18;2;251;0001;50;29;0.36;0.09375;0.90625;0.0;0.0;0.13793103448275862;0.0;0.13793103448275862;0.13793103448275862;0.0;0.5862068965517241;0.0;0.0;0.0
18;2;282;0001;434;252;0.3824884792626728;0.05970149253731343;0.9402985074626866;0.0;0.0;0.0992063492063492;0.0;0.24206349206349206;0.3888888888888889;0.0;0.2698412698412698;0.0;0.0;0.0
18;2;286;0001;353;229;0.3314447592067989;0.029661016949152543;0.9703389830508474;0.0;0.0;0.06550218340611354;0.0;0.24017467248908297;0.48034934497816595;0.0;0.21397379912663755;0.0;0.0;0.0
18;2;289;0001;389;227;0.40359897172236503;0.021551724137931036;0.978448275862069;0.0;0.0;0.07929515418502203;0.0;0.3656387665198238;0.32158590308370044;0.0;0.23348017621145375;0.0;0.0;0.0
18;3;33;0020;761;330;0.5282522996057819;0.0807799442896936;0.9192200557103064;0.0;0.0;0.16363636363636364;0.0;0.2636363636363636;0.3696969696969697;0.0;0.20303030303030303;0.0;0.0;0.0
18;3;33;0021;771;335;0.5369649805447471;0.06162464985994398;0.938375350140056;0.0;0.0;0.13432835820895522;0.0;0.21791044776119403;0.32238805970149254;0.0;0.3253731343283582;0.0;0.0;0.0
18;3;33;0022;760;188;0.7315789473684211;0.0784313725490196;0.9215686274509803;0.0;0.0;0.15425531914893617;0.0;0.28191489361702127;0.39361702127659576;0.0;0.1702127659574468;0.0;0.0;0.0
18;3;33;0023;763;309;0.5583224115334207;0.0830860534124629;0.9169139465875371;0.0;0.0;0.13592233009708737;0.0;0.22330097087378642;0.39805825242718446;0.0;0.24271844660194175;0.0;0.0;0.0
18;3;33;0024;766;362;0.489556135770235;0.0741687979539642;0.9258312020460358;0.0;0.0;0.143646408839779;0.0;0.2292817679558011;0.3839779005524862;0.0;0.2430939226519337;0.0;0.0;0.0
18;3;33;0025;792;380;0.4797979797979798;0.07766990291262135;0.9223300970873787;0.0;0.0;0.08421052631578947;0.0;0.2394736842105263;0.3131578947368421;0.0;0.3631578947368421;0.0;0.0;0.0
18;3;33;0026;686;303;0.5276967930029155;0.06481481481481481;0.9351851851851852;0.0;0.0;0.1617161716171617;0.0;0.19141914191419143;0.33663366336633666;0.0;0.3102310231023102;0.0;0.0;0.0
18;3;33;0027;754;338;0.5265251989389921;0.05322128851540616;0.9467787114845938;0.0;0.0;0.13609467455621302;0.0;0.17751479289940827;0.3136094674556213;0.0;0.3727810650887574;0.0;0.0;0.0
18;3;33;0028;756;348;0.4973544973544973;0.08421052631578947;0.9157894736842105;0.0;0.0;0.1724137931034483;0.0;0.14080459770114942;0.41379310344827586;0.0;0.27298850574712646;0.0;0.0;0.0
18;3;33;0029;765;341;0.515032679738562;0.08086253369272237;0.9191374663072777;0.0;0.0;0.18475073313782991;0.0;0.187683284457478;0.375366568914956;0.0;0.25219941348973607;0.0;0.0;0.0
18;3;33;0030;831;346;0.5547533092659447;0.06486486486486487;0.9351351351351351;0.0;0.0;0.15028901734104047;0.0;0.2745664739884393;0.3179190751445087;0.0;0.25722543352601157;0.0;0.0;0.0
18;3;33;0031;632;315;0.47468354430379744;0.05120481927710843;0.9487951807228916;0.0;0.0;0.12063492063492064;0.0;0.19682539682539682;0.3396825396825397;0.0;0.34285714285714286;0.0;0.0;0.0
18;3;33;0032;638;313;0.49059561128526646;0.036923076923076927;0.963076923076923;0.0;0.0;0.13099041533546327;0.0;0.26517571884984026;0.28115015974440893;0.0;0.3226837060702875;0.0;0.0;0.0
18;3;33;0033;708;256;0.6016949152542372;0.09219858156028368;0.9078014184397163;0.0;0.0;0.140625;0.0;0.30859375;0.296875;0.0;0.25390625;0.0;0.0;0.0
18;3;33;0037;690;305;0.5028985507246376;0.11078717201166181;0.8892128279883382;0.0;0.0;0.13114754098360656;0.0;0.26557377049180325;0.31475409836065577;0.0;0.28852459016393445;0.0;0.0;0.0
18;3;33;0038;693;376;0.4213564213564214;0.06234413965087282;0.9376558603491272;0.0;0.0;0.1356382978723404;0.0;0.1675531914893617;0.35904255319148937;0.0;0.3377659574468085;0.0;0.0;0.0
18;3;33;0039;710;319;0.5056338028169014;0.09116809116809117;0.9088319088319088;0.0;0.0;0.20689655172413793;0.0;0.15047021943573669;0.3166144200626959;0.0;0.32601880877742945;0.0;0.0;0.0
18;4;33;0042;651;231;0.6036866359447005;0.10465116279069768;0.8953488372093024;0.0;0.18181818181818182;0.0;0.22943722943722944;0.0;0.36363636363636365;0.0;0.22510822510822512;0.0;0.0;0.0
18;4;33;0043;593;217;0.5986509274873525;0.08823529411764706;0.9117647058823529;0.0;0.16589861751152074;0.0;0.2672811059907834;0.0;0.4147465437788018;0.0;0.15207373271889402;0.0;0.0;0.0
18;4;33;0044;713;289;0.5301542776998598;0.1373134328358209;0.8626865671641791;0.0;0.12802768166089964;0.0;0.18685121107266436;0.0;0.36678200692041524;0.0;0.31833910034602075;0.0;0.0;0.0
18;4;33;0045;675;220;0.6281481481481481;0.12350597609561753;0.8764940239043825;0.0;0.1318181818181818;0.0;0.24545454545454545;0.0;0.4409090909090909;0.0;0.18181818181818182;0.0;0.0;0.0
18;4;33;0046;678;253;0.5766961651917404;0.11846689895470383;0.8815331010452961;0.0;0.1383399209486166;0.0;0.17786561264822134;0.0;0.31620553359683795;0.0;0.3675889328063241;0.0;0.0;0.0
18;4;33;0047;723;326;0.5172890733056709;0.0659025787965616;0.9340974212034384;0.0;0.13803680981595093;0.0;0.15030674846625766;0.0;0.3343558282208589;0.0;0.3773006134969325;0.0;0.0;0.0
18;4;33;0048;726;281;0.5771349862258953;0.08469055374592833;0.9153094462540716;0.0;0.18861209964412812;0.0;0.16370106761565836;0.0;0.302491103202847;0.0;0.34519572953736655;0.0;0.0;0.0
18;4;33;0049;682;202;0.6598240469208211;0.12931034482758622;0.8706896551724138;0.0;0.15841584158415842;0.0;0.19801980198019803;0.0;0.37623762376237624;0.0;0.26732673267326734;0.0;0.0;0.0
18;4;33;0050;683;218;0.6325036603221084;0.13147410358565736;0.8685258964143426;0.0;0.17889908256880735;0.0;0.21100917431192662;0.0;0.3348623853211009;0.0;0.27522935779816515;0.0;0.0;0.0
18;4;33;0059;697;216;0.6556671449067432;0.1;0.9;0.0;0.14814814814814814;0.0;0.4166666666666667;0.0;0.21296296296296297;0.0;0.2222222222222222;0.0;0.0;0.0
18;4;33;0060;713;227;0.6325385694249649;0.13358778625954199;0.8664122137404581;0.0;0.1277533039647577;0.0;0.5110132158590308;0.0;0.20704845814977973;0.0;0.15418502202643172;0.0;0.0;0.0
18;4;33;0061;733;263;0.572987721691678;0.1597444089456869;0.8402555910543131;0.0;0.19771863117870722;0.0;0.19771863117870722;0.0;0.26996197718631176;0.0;0.33460076045627374;0.0;0.0;0.0
18;4;33;0062;714;275;0.5798319327731093;0.08333333333333333;0.9166666666666666;0.0;0.22545454545454546;0.0;0.2509090909090909;0.0;0.29818181818181816;0.0;0.22545454545454546;0.0;0.0;0.0
18;4;33;0063;731;279;0.5499316005471956;0.1519756838905775;0.8480243161094225;0.0;0.2007168458781362;0.0;0.3225806451612903;0.0;0.22939068100358423;0.0;0.24731182795698925;0.0;0.0;0.0
18;4;33;0064;706;261;0.5609065155807366;0.15806451612903225;0.8419354838709677;0.0;0.17624521072796934;0.0;0.3793103448275862;0.0;0.2720306513409962;0.0;0.1724137931034483;0.0;0.0;0.0
18;5;33;0004;814;360;0.5184275184275184;0.08163265306122448;0.9183673469387755;0.0;0.0;0.0;0.1361111111111111;0.125;0.3333333333333333;0.0;0.40555555555555556;0.0;0.0;0.0
18;5;33;0005;790;336;0.5417721518987342;0.0718232044198895;0.9281767955801105;0.0;0.0;0.0;0.13988095238095238;0.26785714285714285;0.27380952380952384;0.0;0.31845238095238093;0.0;0.0;0.0
18;5;33;0006;782;328;0.551150895140665;0.06552706552706553;0.9344729344729344;0.0;0.0;0.0;0.2347560975609756;0.15548780487804878;0.3018292682926829;0.0;0.3079268292682927;0.0;0.0;0.0
18;5;33;0007;789;284;0.5956907477820025;0.109717868338558;0.890282131661442;0.0;0.0;0.0;0.15845070422535212;0.22535211267605634;0.2852112676056338;0.0;0.33098591549295775;0.0;0.0;0.0
18;5;33;0008;785;339;0.5222929936305732;0.096;0.904;0.0;0.0;0.0;0.14749262536873156;0.1887905604719764;0.27728613569321536;0.0;0.3864306784660767;0.0;0.0;0.0
18;5;33;0051;812;338;0.5615763546798029;0.05056179775280899;0.949438202247191;0.0;0.0;0.0;0.10946745562130178;0.21005917159763313;0.35798816568047337;0.0;0.3224852071005917;0.0;0.0;0.0
18;5;33;0052;824;263;0.6565533980582524;0.0706713780918728;0.9293286219081273;0.0;0.0;0.0;0.18631178707224336;0.23954372623574144;0.33079847908745247;0.0;0.24334600760456274;0.0;0.0;0.0
18;5;33;0053;814;191;0.7371007371007371;0.10747663551401869;0.8925233644859814;0.0;0.0;0.0;0.18324607329842932;0.2670157068062827;0.3507853403141361;0.0;0.19895287958115182;0.0;0.0;0.0
18;5;33;0054;811;300;0.5906288532675709;0.0963855421686747;0.9036144578313253;0.0;0.0;0.0;0.10666666666666667;0.18666666666666668;0.32;0.0;0.38666666666666666;0.0;0.0;0.0
18;5;33;0055;819;408;0.4713064713064713;0.057736720554272515;0.9422632794457275;0.0;0.0;0.0;0.11519607843137254;0.22303921568627452;0.29411764705882354;0.0;0.36764705882352944;0.0;0.0;0.0
18;5;33;0056;610;148;0.7442622950819672;0.05128205128205128;0.9487179487179487;0.0;0.0;0.0;0.16891891891891891;0.35135135135135137;0.31756756756756754;0.0;0.16216216216216217;0.0;0.0;0.0
18;5;33;0057;662;227;0.6268882175226587;0.08097165991902834;0.9190283400809717;0.0;0.0;0.0;0.16299559471365638;0.2026431718061674;0.31718061674008813;0.0;0.31718061674008813;0.0;0.0;0.0
18;5;33;0058;654;281;0.5336391437308868;0.07868852459016394;0.921311475409836;0.0;0.0;0.0;0.13523131672597866;0.24199288256227758;0.2313167259786477;0.0;0.3914590747330961;0.0;0.0;0.0
18;6;33;0001;696;303;0.5272988505747126;0.0790273556231003;0.9209726443768997;0.0;0.0;0.1551155115511551;0.0;0.0;0.22112211221122113;0.0;0.6237623762376238;0.0;0.0;0.0
18;6;33;0002;708;309;0.5225988700564972;0.08579881656804733;0.9142011834319527;0.0;0.0;0.0970873786407767;0.0;0.0;0.23948220064724918;0.0;0.6634304207119741;0.0;0.0;0.0
18;6;33;0003;667;260;0.5667166416791605;0.10034602076124567;0.8996539792387543;0.0;0.0;0.10384615384615385;0.0;0.0;0.27692307692307694;0.0;0.6192307692307693;0.0;0.0;0.0
18;6;33;0009;740;238;0.6243243243243243;0.14388489208633093;0.8561151079136691;0.0;0.0;0.23949579831932774;0.0;0.0;0.3403361344537815;0.0;0.42016806722689076;0.0;0.0;0.0
18;6;33;0010;643;287;0.5069984447900466;0.0946372239747634;0.9053627760252366;0.0;0.0;0.1951219512195122;0.0;0.0;0.23693379790940766;0.0;0.5679442508710801;0.0;0.0;0.0
18;6;33;0011;696;303;0.5043103448275862;0.12173913043478261;0.8782608695652174;0.0;0.0;0.132013201320132;0.0;0.0;0.23102310231023102;0.0;0.636963696369637;0.0;0.0;0.0
18;6;33;0012;588;221;0.564625850340136;0.13671875;0.86328125;0.0;0.0;0.12669683257918551;0.0;0.0;0.248868778280543;0.0;0.6244343891402715;0.0;0.0;0.0
18;6;33;0013;100;43;0.5;0.14;0.86;0.0;0.0;0.4418604651162791;0.0;0.0;0.37209302325581395;0.0;0.18604651162790697;0.0;0.0;0.0
18;6;33;0014;654;257;0.5626911314984709;0.10139860139860139;0.8986013986013986;0.0;0.0;0.21011673151750973;0.0;0.0;0.26459143968871596;0.0;0.5252918287937743;0.0;0.0;0.0
18;6;33;0015;654;251;0.5749235474006116;0.09712230215827339;0.9028776978417267;0.0;0.0;0.199203187250996;0.0;0.0;0.35856573705179284;0.0;0.44223107569721115;0.0;0.0;0.0
18;6;33;0016;585;250;0.5333333333333333;0.08424908424908426;0.9157509157509157;0.0;0.0;0.136;0.0;0.0;0.26;0.0;0.604;0.0;0.0;0.0
18;6;33;0017;691;301;0.5050651230101303;0.11988304093567251;0.8801169590643275;0.0;0.0;0.18604651162790697;0.0;0.0;0.34219269102990035;0.0;0.4717607973421927;0.0;0.0;0.0
18;6;33;0018;622;264;0.5064308681672026;0.14006514657980457;0.8599348534201955;0.0;0.0;0.125;0.0;0.0;0.3106060606060606;0.0;0.5643939393939394;0.0;0.0;0.0
18;6;33;0019;671;278;0.511177347242921;0.1524390243902439;0.8475609756097561;0.0;0.0;0.23381294964028776;0.0;0.0;0.31654676258992803;0.0;0.44964028776978415;0.0;0.0;0.0
18;6;33;0034;639;260;0.5477308294209703;0.10034602076124567;0.8996539792387543;0.0;0.0;0.13076923076923078;0.0;0.0;0.28076923076923077;0.0;0.5884615384615385;0.0;0.0;0.0
18;6;33;0035;481;197;0.5384615384615384;0.11261261261261261;0.8873873873873874;0.0;0.0;0.18781725888324874;0.0;0.0;0.3350253807106599;0.0;0.47715736040609136;0.0;0.0;0.0
18;6;33;0036;458;165;0.5851528384279476;0.13157894736842105;0.868421052631579;0.0;0.0;0.2;0.0;0.0;0.3515151515151515;0.0;0.4484848484848485;0.0;0.0;0.0
18;6;33;0040;751;297;0.5619174434087882;0.0972644376899696;0.9027355623100304;0.0;0.0;0.16161616161616163;0.0;0.0;0.25252525252525254;0.0;0.5858585858585859;0.0;0.0;0.0
18;6;33;0041;754;289;0.5769230769230769;0.09404388714733543;0.9059561128526645;0.0;0.0;0.1453287197231834;0.0;0.0;0.27335640138408307;0.0;0.5813148788927336;0.0;0.0;0.0
18;7;55;0001;717;327;0.5188284518828452;0.05217391304347826;0.9478260869565217;0.0;0.0;0.0;0.3333333333333333;0.3302752293577982;0.1162079510703364;0.0;0.22018348623853212;0.0;0.0;0.0
18;7;66;0001;593;309;0.45193929173693087;0.04923076923076923;0.9507692307692308;0.0;0.0;0.0;0.23624595469255663;0.3106796116504854;0.12944983818770225;0.0;0.32362459546925565;0.0;0.0;0.0
18;7;66;0002;171;66;0.5847953216374269;0.07042253521126761;0.9295774647887324;0.0;0.0;0.0;0.18181818181818182;0.3181818181818182;0.06060606060606061;0.0;0.4393939393939394;0.0;0.0;0.0
18;7;133;0001;572;254;0.5262237762237763;0.06273062730627306;0.9372693726937269;0.0;0.0;0.0;0.4330708661417323;0.2440944881889764;0.09448818897637795;0.0;0.2283464566929134;0.0;0.0;0.0
18;7;133;0002;455;150;0.6505494505494506;0.05660377358490566;0.9433962264150944;0.0;0.0;0.0;0.34;0.24666666666666667;0.14;0.0;0.2733333333333333;0.0;0.0;0.0
18;7;137;0001;474;221;0.4936708860759494;0.07916666666666666;0.9208333333333333;0.0;0.0;0.0;0.3212669683257919;0.2579185520361991;0.14027149321266968;0.0;0.28054298642533937;0.0;0.0;0.0
18;7;157;0001;467;213;0.4925053533190578;0.10126582278481013;0.8987341772151899;0.0;0.0;0.0;0.3333333333333333;0.3192488262910798;0.20187793427230047;0.0;0.14553990610328638;0.0;0.0;0.0
18;7;181;0001;407;221;0.4275184275184275;0.05150214592274678;0.9484978540772532;0.0;0.0;0.0;0.33031674208144796;0.25339366515837103;0.25339366515837103;0.0;0.16289592760180996;0.0;0.0;0.0
18;7;182;0001;159;98;0.36477987421383645;0.0297029702970297;0.9702970297029703;0.0;0.0;0.0;0.2653061224489796;0.37755102040816324;0.11224489795918367;0.0;0.24489795918367346;0.0;0.0;0.0
18;7;188;0001;207;94;0.5217391304347826;0.050505050505050504;0.9494949494949495;0.0;0.0;0.0;0.22340425531914893;0.3723404255319149;0.26595744680851063;0.0;0.13829787234042554;0.0;0.0;0.0
18;7;198;0001;287;152;0.4425087108013937;0.05;0.95;0.0;0.0;0.0;0.15789473684210525;0.4144736842105263;0.14473684210526316;0.0;0.28289473684210525;0.0;0.0;0.0
18;7;207;0001;1118;496;0.5420393559928444;0.03125;0.96875;0.0;0.0;0.0;0.3084677419354839;0.2056451612903226;0.14516129032258066;0.0;0.3407258064516129;0.0;0.0;0.0
18;7;207;0002;1030;398;0.5912621359223301;0.05463182897862233;0.9453681710213777;0.0;0.0;0.0;0.2914572864321608;0.228643216080402;0.1306532663316583;0.0;0.3492462311557789;0.0;0.0;0.0
18;7;207;0003;919;475;0.4548422198041349;0.05189620758483034;0.9481037924151696;0.0;0.0;0.0;0.23578947368421052;0.20210526315789473;0.17894736842105263;0.0;0.3831578947368421;0.0;0.0;0.0
18;7;207;0004;904;389;0.5464601769911505;0.05121951219512195;0.948780487804878;0.0;0.0;0.0;0.31876606683804626;0.19023136246786632;0.14395886889460155;0.0;0.34704370179948585;0.0;0.0;0.0
18;7;207;0005;857;362;0.5507584597432905;0.05974025974025974;0.9402597402597402;0.0;0.0;0.0;0.292817679558011;0.23204419889502761;0.08839779005524862;0.0;0.3867403314917127;0.0;0.0;0.0
18;7;207;0006;146;69;0.4931506849315068;0.06756756756756757;0.9324324324324325;0.0;0.0;0.0;0.18840579710144928;0.13043478260869565;0.36231884057971014;0.0;0.3188405797101449;0.0;0.0;0.0
18;7;244;0001;64;42;0.265625;0.10638297872340426;0.8936170212765957;0.0;0.0;0.0;0.30952380952380953;0.40476190476190477;0.09523809523809523;0.0;0.19047619047619047;0.0;0.0;0.0
18;7;255;0001;726;353;0.4807162534435262;0.0636604774535809;0.9363395225464191;0.0;0.0;0.0;0.18980169971671387;0.34277620396600567;0.19263456090651557;0.0;0.2747875354107649;0.0;0.0;0.0
18;7;285;0001;335;147;0.5343283582089552;0.057692307692307696;0.9423076923076923;0.0;0.0;0.0;0.30612244897959184;0.2585034013605442;0.14285714285714285;0.0;0.2925170068027211;0.0;0.0;0.0
18;8;2;0001;155;79;0.45161290322580644;0.07058823529411765;0.9294117647058824;0.0;0.0;0.11392405063291139;0.0;0.3037974683544304;0.11392405063291139;0.0;0.46835443037974683;0.0;0.0;0.0
18;8;9;0001;239;123;0.47280334728033474;0.023809523809523808;0.9761904761904762;0.0;0.0;0.18699186991869918;0.0;0.24390243902439024;0.21951219512195122;0.0;0.34959349593495936;0.0;0.0;0.0
18;8;10;0001;163;93;0.3987730061349693;0.05102040816326531;0.9489795918367347;0.0;0.0;0.11827956989247312;0.0;0.21505376344086022;0.27956989247311825;0.0;0.3870967741935484;0.0;0.0;0.0
18;8;24;0001;85;58;0.27058823529411763;0.06451612903225806;0.9354838709677419;0.0;0.0;0.05172413793103448;0.0;0.2413793103448276;0.08620689655172414;0.0;0.6206896551724138;0.0;0.0;0.0
18;8;41;0001;155;80;0.4645161290322581;0.03614457831325301;0.963855421686747;0.0;0.0;0.0375;0.0;0.4875;0.175;0.0;0.3;0.0;0.0;0.0
18;8;43;0001;150;109;0.24666666666666667;0.035398230088495575;0.9646017699115044;0.0;0.0;0.10091743119266056;0.0;0.23853211009174313;0.24770642201834864;0.0;0.41284403669724773;0.0;0.0;0.0
18;8;57;0001;683;368;0.43484626647144947;0.046632124352331605;0.9533678756476683;0.0;0.0;0.07336956521739131;0.0;0.2907608695652174;0.3641304347826087;0.0;0.2717391304347826;0.0;0.0;0.0
18;8;57;0002;742;374;0.4555256064690027;0.07425742574257425;0.9257425742574258;0.0;0.0;0.08021390374331551;0.0;0.3074866310160428;0.27807486631016043;0.0;0.3342245989304813;0.0;0.0;0.0
18;8;59;0001;786;428;0.4211195928753181;0.05934065934065934;0.9406593406593406;0.0;0.0;0.04672897196261682;0.0;0.19158878504672897;0.2266355140186916;0.0;0.5350467289719626;0.0;0.0;0.0
18;8;65;0001;558;284;0.4390681003584229;0.0926517571884984;0.9073482428115016;0.0;0.0;0.13732394366197184;0.0;0.2852112676056338;0.39436619718309857;0.0;0.18309859154929578;0.0;0.0;0.0
18;8;83;0001;557;290;0.4452423698384201;0.061488673139158574;0.9385113268608414;0.0;0.0;0.05172413793103448;0.0;0.35172413793103446;0.20344827586206896;0.0;0.3931034482758621;0.0;0.0;0.0
18;8;89;0001;336;177;0.4494047619047619;0.043243243243243246;0.9567567567567568;0.0;0.0;0.0903954802259887;0.0;0.3389830508474576;0.12429378531073447;0.0;0.4463276836158192;0.0;0.0;0.0
18;8;93;0001;112;60;0.4375;0.047619047619047616;0.9523809523809523;0.0;0.0;0.06666666666666667;0.0;0.3;0.08333333333333333;0.0;0.55;0.0;0.0;0.0
18;8;112;0001;275;157;0.41818181818181815;0.01875;0.98125;0.0;0.0;0.03184713375796178;0.0;0.4585987261146497;0.15286624203821655;0.0;0.35668789808917195;0.0;0.0;0.0
18;8;114;0001;163;86;0.44785276073619634;0.044444444444444446;0.9555555555555556;0.0;0.0;0.03488372093023256;0.0;0.37209302325581395;0.18604651162790697;0.0;0.4069767441860465;0.0;0.0;0.0
18;8;127;0001;584;330;0.3938356164383562;0.06779661016949153;0.9322033898305084;0.0;0.0;0.10909090909090909;0.0;0.3484848484848485;0.30303030303030304;0.0;0.23939393939393938;0.0;0.0;0.0
18;8;127;0002;537;318;0.3687150837988827;0.061946902654867256;0.9380530973451328;0.0;0.0;0.1069182389937107;0.0;0.3113207547169811;0.2138364779874214;0.0;0.36792452830188677;0.0;0.0;0.0
18;8;130;0001;232;136;0.3879310344827586;0.04225352112676056;0.9577464788732394;0.0;0.0;0.13970588235294118;0.0;0.35294117647058826;0.10294117647058823;0.0;0.40441176470588236;0.0;0.0;0.0
18;8;135;0001;208;119;0.3894230769230769;0.06299212598425197;0.937007874015748;0.0;0.0;0.07563025210084033;0.0;0.33613445378151263;0.2184873949579832;0.0;0.3697478991596639;0.0;0.0;0.0
18;8;152;0001;97;56;0.3917525773195876;0.05084745762711865;0.9491525423728814;0.0;0.0;0.19642857142857142;0.0;0.32142857142857145;0.25;0.0;0.23214285714285715;0.0;0.0;0.0
18;8;153;0001;238;152;0.3487394957983193;0.01935483870967742;0.9806451612903225;0.0;0.0;0.08552631578947369;0.0;0.2894736842105263;0.27631578947368424;0.0;0.34868421052631576;0.0;0.0;0.0
18;8;178;0001;182;108;0.3791208791208791;0.04424778761061947;0.9557522123893806;0.0;0.0;0.027777777777777776;0.0;0.24074074074074073;0.1574074074074074;0.0;0.5740740740740741;0.0;0.0;0.0
18;8;187;0001;469;222;0.5010660980810234;0.05128205128205128;0.9487179487179487;0.0;0.0;0.06756756756756757;0.0;0.33783783783783783;0.17117117117117117;0.0;0.42342342342342343;0.0;0.0;0.0
18;8;192;0001;218;107;0.463302752293578;0.08547008547008547;0.9145299145299145;0.0;0.0;0.102803738317757;0.0;0.29906542056074764;0.29906542056074764;0.0;0.29906542056074764;0.0;0.0;0.0
18;8;193;0001;188;115;0.3404255319148936;0.07258064516129033;0.9274193548387096;0.0;0.0;0.16521739130434782;0.0;0.23478260869565218;0.3217391304347826;0.0;0.2782608695652174;0.0;0.0;0.0
18;8;199;0001;214;105;0.45794392523364486;0.09482758620689655;0.9051724137931034;0.0;0.0;0.11428571428571428;0.0;0.37142857142857144;0.2857142857142857;0.0;0.22857142857142856;0.0;0.0;0.0
18;8;203;0001;87;39;0.5287356321839081;0.04878048780487805;0.9512195121951219;0.0;0.0;0.2564102564102564;0.0;0.28205128205128205;0.1794871794871795;0.0;0.28205128205128205;0.0;0.0;0.0
18;8;209;0001;352;227;0.3352272727272727;0.029914529914529916;0.9700854700854701;0.0;0.0;0.02643171806167401;0.0;0.2599118942731278;0.11894273127753303;0.0;0.5947136563876652;0.0;0.0;0.0
18;8;216;0001;452;267;0.3938053097345133;0.025547445255474453;0.9744525547445255;0.0;0.0;0.04868913857677903;0.0;0.3895131086142322;0.20599250936329588;0.0;0.35580524344569286;0.0;0.0;0.0
18;8;217;0001;152;89;0.3881578947368421;0.043010752688172046;0.956989247311828;0.0;0.0;0.056179775280898875;0.0;0.2247191011235955;0.12359550561797752;0.0;0.5955056179775281;0.0;0.0;0.0
18;8;225;0001;210;112;0.44285714285714284;0.042735042735042736;0.9572649572649573;0.0;0.0;0.10714285714285714;0.0;0.41964285714285715;0.16964285714285715;0.0;0.30357142857142855;0.0;0.0;0.0
18;8;230;0001;245;139;0.3877551020408163;0.07333333333333333;0.9266666666666666;0.0;0.0;0.10071942446043165;0.0;0.35251798561151076;0.302158273381295;0.0;0.2446043165467626;0.0;0.0;0.0
18;8;232;0001;218;116;0.44495412844036697;0.04132231404958678;0.9586776859504132;0.0;0.0;0.0603448275862069;0.0;0.28448275862068967;0.15517241379310345;0.0;0.5;0.0;0.0;0.0
18;8;234;0001;382;199;0.4607329842931937;0.03398058252427184;0.9660194174757282;0.0;0.0;0.1507537688442211;0.0;0.35175879396984927;0.18592964824120603;0.0;0.31155778894472363;0.0;0.0;0.0
18;8;238;0001;102;57;0.4019607843137255;0.06557377049180328;0.9344262295081968;0.0;0.0;0.10526315789473684;0.0;0.2982456140350877;0.10526315789473684;0.0;0.49122807017543857;0.0;0.0;0.0
18;8;245;0001;341;210;0.36363636363636365;0.03225806451612903;0.967741935483871;0.0;0.0;0.05714285714285714;0.0;0.2857142857142857;0.10952380952380952;0.0;0.5476190476190477;0.0;0.0;0.0
18;8;252;0001;292;152;0.4212328767123288;0.10059171597633136;0.8994082840236687;0.0;0.0;0.09868421052631579;0.0;0.40131578947368424;0.17763157894736842;0.0;0.3223684210526316;0.0;0.0;0.0
18;8;266;0001;268;183;0.2947761194029851;0.031746031746031744;0.9682539682539683;0.0;0.0;0.03278688524590164;0.0;0.2896174863387978;0.17486338797814208;0.0;0.5027322404371585;0.0;0.0;0.0
18;8;278;0001;396;221;0.41919191919191917;0.0391304347826087;0.9608695652173913;0.0;0.0;0.09954751131221719;0.0;0.3257918552036199;0.12217194570135746;0.0;0.45248868778280543;0.0;0.0;0.0
18;8;283;0001;80;36;0.5375;0.02702702702702703;0.972972972972973;0.0;0.0;0.1111111111111111;0.0;0.4444444444444444;0.3333333333333333;0.0;0.1111111111111111;0.0;0.0;0.0
18;9;13;0001;263;111;0.5551330798479087;0.05128205128205128;0.9487179487179487;0.0;0.0;0.0;0.11711711711711711;0.27927927927927926;0.15315315315315314;0.0;0.45045045045045046;0.0;0.0;0.0
18;9;17;0001;237;149;0.350210970464135;0.032467532467532464;0.9675324675324676;0.0;0.0;0.0;0.11409395973154363;0.30201342281879195;0.12080536912751678;0.0;0.46308724832214765;0.0;0.0;0.0
18;9;21;0001;218;135;0.3302752293577982;0.07534246575342465;0.9246575342465754;0.0;0.0;0.0;0.1259259259259259;0.2962962962962963;0.11851851851851852;0.0;0.45925925925925926;0.0;0.0;0.0
18;9;29;0001;268;133;0.4552238805970149;0.08904109589041095;0.910958904109589;0.0;0.0;0.0;0.12030075187969924;0.3007518796992481;0.06766917293233082;0.0;0.5112781954887218;0.0;0.0;0.0
18;9;40;0001;275;144;0.4509090909090909;0.046357615894039736;0.9536423841059603;0.0;0.0;0.0;0.1388888888888889;0.3055555555555556;0.0763888888888889;0.0;0.4791666666666667;0.0;0.0;0.0
18;9;45;0001;312;164;0.4230769230769231;0.08888888888888889;0.9111111111111111;0.0;0.0;0.0;0.09146341463414634;0.4573170731707317;0.1402439024390244;0.0;0.31097560975609756;0.0;0.0;0.0
18;9;52;0001;623;356;0.3996789727126806;0.0481283422459893;0.9518716577540107;0.0;0.0;0.0;0.06741573033707865;0.23876404494382023;0.13202247191011235;0.0;0.5617977528089888;0.0;0.0;0.0
18;9;52;0002;255;136;0.4549019607843137;0.02158273381294964;0.9784172661870504;0.0;0.0;0.0;0.07352941176470588;0.22058823529411764;0.16911764705882354;0.0;0.5367647058823529;0.0;0.0;0.0
18;9;60;0001;40;23;0.425;0.0;1.0;0.0;0.0;0.0;0.30434782608695654;0.43478260869565216;0.13043478260869565;0.0;0.13043478260869565;0.0;0.0;0.0
18;9;68;0001;40;23;0.375;0.08;0.92;0.0;0.0;0.0;0.08695652173913043;0.17391304347826086;0.17391304347826086;0.0;0.5652173913043478;0.0;0.0;0.0
18;9;71;0001;24;18;0.125;0.14285714285714285;0.8571428571428571;0.0;0.0;0.0;0.1111111111111111;0.2222222222222222;0.0;0.0;0.6666666666666666;0.0;0.0;0.0
18;9;76;0001;370;169;0.5108108108108108;0.06629834254143646;0.9337016574585635;0.0;0.0;0.0;0.08284023668639054;0.44970414201183434;0.0650887573964497;0.0;0.40236686390532544;0.0;0.0;0.0
18;9;87;0001;1001;510;0.45754245754245754;0.06077348066298342;0.9392265193370166;0.0;0.0;0.0;0.11568627450980393;0.19411764705882353;0.13137254901960785;0.0;0.5588235294117647;0.0;0.0;0.0
18;9;87;0002;971;497;0.4603501544799176;0.05152671755725191;0.9484732824427481;0.0;0.0;0.0;0.1227364185110664;0.22132796780684105;0.09859154929577464;0.0;0.5573440643863179;0.0;0.0;0.0
18;9;87;0003;998;502;0.48096192384769537;0.03088803088803089;0.9691119691119691;0.0;0.0;0.0;0.1693227091633466;0.23904382470119523;0.11553784860557768;0.0;0.4760956175298805;0.0;0.0;0.0
18;9;102;0001;239;122;0.4686192468619247;0.03937007874015748;0.9606299212598425;0.0;0.0;0.0;0.22950819672131148;0.38524590163934425;0.16393442622950818;0.0;0.22131147540983606;0.0;0.0;0.0
18;9;106;0001;202;106;0.45544554455445546;0.03636363636363636;0.9636363636363636;0.0;0.0;0.0;0.19811320754716982;0.330188679245283;0.16037735849056603;0.0;0.3113207547169811;0.0;0.0;0.0
18;9;121;0001;100;54;0.45;0.01818181818181818;0.9818181818181818;0.0;0.0;0.0;0.05555555555555555;0.2962962962962963;0.14814814814814814;0.0;0.5;0.0;0.0;0.0
18;9;155;0001;356;223;0.35674157303370785;0.026200873362445413;0.9737991266375546;0.0;0.0;0.0;0.03587443946188341;0.3273542600896861;0.4439461883408072;0.0;0.19282511210762332;0.0;0.0;0.0
18;9;161;0001;221;117;0.4434389140271493;0.04878048780487805;0.9512195121951219;0.0;0.0;0.0;0.10256410256410256;0.3333333333333333;0.18803418803418803;0.0;0.37606837606837606;0.0;0.0;0.0
18;9;164;0001;116;82;0.27586206896551724;0.023809523809523808;0.9761904761904762;0.0;0.0;0.0;0.04878048780487805;0.34146341463414637;0.14634146341463414;0.0;0.4634146341463415;0.0;0.0;0.0
18;9;173;0001;214;117;0.4158878504672897;0.064;0.936;0.0;0.0;0.0;0.05128205128205128;0.4188034188034188;0.10256410256410256;0.0;0.42735042735042733;0.0;0.0;0.0
18;9;177;0001;41;25;0.36585365853658536;0.038461538461538464;0.9615384615384616;0.0;0.0;0.0;0.04;0.44;0.08;0.0;0.44;0.0;0.0;0.0
18;9;183;0001;124;72;0.3790322580645161;0.06493506493506493;0.935064935064935;0.0;0.0;0.0;0.041666666666666664;0.2361111111111111;0.1111111111111111;0.0;0.6111111111111112;0.0;0.0;0.0
18;9;191;0001;142;71;0.47183098591549294;0.05333333333333334;0.9466666666666667;0.0;0.0;0.0;0.056338028169014086;0.352112676056338;0.11267605633802817;0.0;0.4788732394366197;0.0;0.0;0.0
18;9;195;0001;154;90;0.4025974025974026;0.021739130434782608;0.9782608695652174;0.0;0.0;0.0;0.3;0.2777777777777778;0.17777777777777778;0.0;0.24444444444444444;0.0;0.0;0.0
18;9;196;0001;81;32;0.5679012345679012;0.08571428571428572;0.9142857142857143;0.0;0.0;0.0;0.125;0.25;0.03125;0.0;0.59375;0.0;0.0;0.0
18;9;204;0001;252;134;0.44047619047619047;0.04964539007092199;0.950354609929078;0.0;0.0;0.0;0.05223880597014925;0.3582089552238806;0.11194029850746269;0.0;0.47761194029850745;0.0;0.0;0.0
18;9;212;0001;459;230;0.48366013071895425;0.029535864978902954;0.9704641350210971;0.0;0.0;0.0;0.13043478260869565;0.2826086956521739;0.1782608695652174;0.0;0.40869565217391307;0.0;0.0;0.0
18;9;231;0001;588;286;0.4914965986394558;0.043478260869565216;0.9565217391304348;0.0;0.0;0.0;0.08391608391608392;0.34265734265734266;0.16083916083916083;0.0;0.4125874125874126;0.0;0.0;0.0
18;9;242;0001;1145;556;0.4820960698689956;0.06239460370994941;0.9376053962900506;0.0;0.0;0.0;0.11870503597122302;0.36151079136690645;0.22302158273381295;0.0;0.29676258992805754;0.0;0.0;0.0
18;9;242;0002;1128;568;0.4654255319148936;0.05804311774461028;0.9419568822553898;0.0;0.0;0.0;0.1073943661971831;0.3609154929577465;0.1936619718309859;0.0;0.3380281690140845;0.0;0.0;0.0
18;9;261;0001;335;201;0.37910447761194027;0.03365384615384615;0.9663461538461539;0.0;0.0;0.0;0.12437810945273632;0.27860696517412936;0.16417910447761194;0.0;0.43283582089552236;0.0;0.0;0.0
18;9;275;0001;127;65;0.4409448818897638;0.08450704225352113;0.9154929577464789;0.0;0.0;0.0;0.13846153846153847;0.4461538461538462;0.2153846153846154;0.0;0.2;0.0;0.0;0.0
18;9;276;0001;139;86;0.35251798561151076;0.044444444444444446;0.9555555555555556;0.0;0.0;0.0;0.10465116279069768;0.313953488372093;0.10465116279069768;0.0;0.47674418604651164;0.0;0.0;0.0
18;9;277;0001;39;21;0.4358974358974359;0.045454545454545456;0.9545454545454546;0.0;0.0;0.0;0.0;0.38095238095238093;0.09523809523809523;0.0;0.5238095238095238;0.0;0.0;0.0
18;10;7;0001;72;37;0.4722222222222222;0.02631578947368421;0.9736842105263158;0.0;0.0;0.0;0.02702702702702703;0.13513513513513514;0.05405405405405406;0.0;0.7837837837837838;0.0;0.0;0.0
18;10;31;0001;442;216;0.4683257918552036;0.08085106382978724;0.9191489361702128;0.0;0.0;0.0;0.1111111111111111;0.37037037037037035;0.30092592592592593;0.0;0.2175925925925926;0.0;0.0;0.0
18;10;48;0001;305;133;0.5573770491803278;0.014814814814814815;0.9851851851851852;0.0;0.0;0.0;0.14285714285714285;0.3007518796992481;0.2631578947368421;0.0;0.2932330827067669;0.0;0.0;0.0
18;10;54;0001;189;112;0.37566137566137564;0.05084745762711865;0.9491525423728814;0.0;0.0;0.0;0.08035714285714286;0.3482142857142857;0.19642857142857142;0.0;0.375;0.0;0.0;0.0
18;10;62;0001;234;113;0.49572649572649574;0.0423728813559322;0.9576271186440678;0.0;0.0;0.0;0.10619469026548672;0.23008849557522124;0.3185840707964602;0.0;0.34513274336283184;0.0;0.0;0.0
18;10;72;0001;192;112;0.3697916666666667;0.0743801652892562;0.9256198347107438;0.0;0.0;0.0;0.09821428571428571;0.5;0.23214285714285715;0.0;0.16964285714285715;0.0;0.0;0.0
18;10;75;0001;770;389;0.4623376623376623;0.06038647342995169;0.9396135265700483;0.0;0.0;0.0;0.13110539845758354;0.33676092544987146;0.2596401028277635;0.0;0.27249357326478146;0.0;0.0;0.0
18;10;80;0001;120;67;0.4083333333333333;0.056338028169014086;0.9436619718309859;0.0;0.0;0.0;0.029850746268656716;0.43283582089552236;0.22388059701492538;0.0;0.31343283582089554;0.0;0.0;0.0
18;10;82;0001;857;454;0.46091015169194866;0.017316017316017316;0.9826839826839827;0.0;0.0;0.0;0.11894273127753303;0.1894273127753304;0.11233480176211454;0.0;0.579295154185022;0.0;0.0;0.0
18;10;95;0001;153;69;0.5294117647058824;0.041666666666666664;0.9583333333333334;0.0;0.0;0.0;0.21739130434782608;0.4492753623188406;0.15942028985507245;0.0;0.17391304347826086;0.0;0.0;0.0
18;10;101;0001;286;148;0.47202797202797203;0.019867549668874173;0.9801324503311258;0.0;0.0;0.0;0.3310810810810811;0.14189189189189189;0.21621621621621623;0.0;0.3108108108108108;0.0;0.0;0.0
18;10;108;0001;1235;605;0.48663967611336034;0.04574132492113565;0.9542586750788643;0.0;0.0;0.0;0.11735537190082644;0.2859504132231405;0.2727272727272727;0.0;0.3239669421487603;0.0;0.0;0.0
18;10;108;0002;1409;602;0.5500354861603974;0.050473186119873815;0.9495268138801262;0.0;0.0;0.0;0.16611295681063123;0.3106312292358804;0.2724252491694352;0.0;0.25083056478405313;0.0;0.0;0.0
18;10;113;0001;132;70;0.44696969696969696;0.0410958904109589;0.958904109589041;0.0;0.0;0.0;0.04285714285714286;0.38571428571428573;0.3;0.0;0.2714285714285714;0.0;0.0;0.0
18;10;118;0001;1090;502;0.5100917431192661;0.0599250936329588;0.9400749063670412;0.0;0.0;0.0;0.08764940239043825;0.3286852589641434;0.350597609561753;0.0;0.23306772908366533;0.0;0.0;0.0
18;10;131;0001;32;17;0.375;0.15;0.85;0.0;0.0;0.0;0.29411764705882354;0.11764705882352941;0.23529411764705882;0.0;0.35294117647058826;0.0;0.0;0.0
18;10;143;0001;258;117;0.5465116279069767;0.0;1.0;0.0;0.0;0.0;0.09401709401709402;0.39316239316239315;0.3504273504273504;0.0;0.1623931623931624;0.0;0.0;0.0
18;10;154;0001;168;85;0.4642857142857143;0.05555555555555555;0.9444444444444444;0.0;0.0;0.0;0.09411764705882353;0.3764705882352941;0.25882352941176473;0.0;0.27058823529411763;0.0;0.0;0.0
18;10;160;0001;1016;510;0.4675196850393701;0.05730129390018484;0.9426987060998152;0.0;0.0;0.0;0.060784313725490195;0.30392156862745096;0.3862745098039216;0.0;0.24901960784313726;0.0;0.0;0.0
18;10;175;0001;511;237;0.5107632093933464;0.052;0.948;0.0;0.0;0.0;0.07172995780590717;0.37130801687763715;0.350210970464135;0.0;0.20675105485232068;0.0;0.0;0.0
18;10;215;0001;143;75;0.46153846153846156;0.025974025974025976;0.974025974025974;0.0;0.0;0.0;0.02666666666666667;0.29333333333333333;0.32;0.0;0.36;0.0;0.0;0.0
18;10;260;0001;61;39;0.32786885245901637;0.04878048780487805;0.9512195121951219;0.0;0.0;0.0;0.05128205128205128;0.41025641025641024;0.15384615384615385;0.0;0.38461538461538464;0.0;0.0;0.0
18;10;265;0001;576;293;0.4704861111111111;0.03934426229508197;0.9606557377049181;0.0;0.0;0.0;0.04436860068259386;0.2764505119453925;0.5870307167235495;0.0;0.09215017064846416;0.0;0.0;0.0
18;11;5;0001;744;336;0.5120967741935484;0.0743801652892562;0.9256198347107438;0.0;0.0;0.22321428571428573;0.0;0.26785714285714285;0.17261904761904762;0.0;0.33630952380952384;0.0;0.0;0.0
18;11;28;0001;857;394;0.5134189031505251;0.05515587529976019;0.9448441247002398;0.0;0.0;0.1065989847715736;0.0;0.30456852791878175;0.1700507614213198;0.0;0.41878172588832485;0.0;0.0;0.0
18;11;36;0001;454;252;0.41629955947136565;0.04905660377358491;0.9509433962264151;0.0;0.0;0.2619047619047619;0.0;0.2261904761904762;0.1111111111111111;0.0;0.4007936507936508;0.0;0.0;0.0
18;11;44;0001;270;134;0.46296296296296297;0.07586206896551724;0.9241379310344827;0.0;0.0;0.1791044776119403;0.0;0.3656716417910448;0.06716417910447761;0.0;0.3880597014925373;0.0;0.0;0.0
18;11;64;0001;166;94;0.40963855421686746;0.04081632653061224;0.9591836734693877;0.0;0.0;0.1702127659574468;0.0;0.3617021276595745;0.06382978723404255;0.0;0.40425531914893614;0.0;0.0;0.0
18;11;96;0001;762;419;0.431758530183727;0.03233256351039261;0.9676674364896074;0.0;0.0;0.60381861575179;0.0;0.2553699284009546;0.014319809069212411;0.0;0.12649164677804295;0.0;0.0;0.0
18;11;96;0002;739;376;0.4709066305818674;0.03836317135549872;0.9616368286445013;0.0;0.0;0.6702127659574468;0.0;0.1702127659574468;0.02925531914893617;0.0;0.13031914893617022;0.0;0.0;0.0
18;11;124;0001;251;147;0.398406374501992;0.026490066225165563;0.9735099337748344;0.0;0.0;0.10204081632653061;0.0;0.2653061224489796;0.061224489795918366;0.0;0.5714285714285714;0.0;0.0;0.0
18;11;128;0001;108;60;0.4444444444444444;0.0;1.0;0.0;0.0;0.2;0.0;0.31666666666666665;0.13333333333333333;0.0;0.35;0.0;0.0;0.0
18;11;134;0001;473;249;0.44820295983086683;0.04597701149425287;0.9540229885057471;0.0;0.0;0.2289156626506024;0.0;0.2570281124497992;0.0963855421686747;0.0;0.41767068273092367;0.0;0.0;0.0
18;11;140;0001;1141;548;0.48729184925503943;0.06324786324786325;0.9367521367521368;0.0;0.0;0.21897810218978103;0.0;0.36496350364963503;0.11496350364963503;0.0;0.3010948905109489;0.0;0.0;0.0
18;11;141;0001;915;381;0.5617486338797815;0.04987531172069826;0.9501246882793017;0.0;0.0;0.2152230971128609;0.0;0.18635170603674542;0.11023622047244094;0.0;0.4881889763779528;0.0;0.0;0.0
18;11;141;0002;858;359;0.5606060606060606;0.04774535809018567;0.9522546419098143;0.0;0.0;0.2646239554317549;0.0;0.30362116991643456;0.14206128133704735;0.0;0.28969359331476324;0.0;0.0;0.0
18;11;141;0003;811;372;0.5104808877928483;0.06297229219143577;0.9370277078085643;0.0;0.0;0.19623655913978494;0.0;0.22849462365591397;0.1881720430107527;0.0;0.3870967741935484;0.0;0.0;0.0
18;11;141;0004;1038;512;0.4816955684007707;0.048327137546468404;0.9516728624535316;0.0;0.0;0.1484375;0.0;0.220703125;0.154296875;0.0;0.4765625;0.0;0.0;0.0
18;11;141;0005;891;426;0.5028058361391695;0.03837471783295711;0.9616252821670429;0.0;0.0;0.18309859154929578;0.0;0.284037558685446;0.1431924882629108;0.0;0.38967136150234744;0.0;0.0;0.0
18;11;141;0006;701;299;0.5492154065620543;0.05379746835443038;0.9462025316455697;0.0;0.0;0.22073578595317725;0.0;0.26421404682274247;0.15384615384615385;0.0;0.3612040133779264;0.0;0.0;0.0
18;11;148;0001;1029;482;0.48202137998056366;0.09568480300187618;0.9043151969981238;0.0;0.0;0.2033195020746888;0.0;0.2966804979253112;0.11203319502074689;0.0;0.3879668049792531;0.0;0.0;0.0
18;11;148;0002;1071;457;0.5434173669467787;0.065439672801636;0.934560327198364;0.0;0.0;0.18818380743982493;0.0;0.35667396061269147;0.08971553610503283;0.0;0.36542669584245074;0.0;0.0;0.0
18;11;186;0001;331;181;0.4350453172205438;0.03208556149732621;0.9679144385026738;0.0;0.0;0.17679558011049723;0.0;0.2541436464088398;0.13259668508287292;0.0;0.43646408839779005;0.0;0.0;0.0
18;11;190;0001;625;315;0.4832;0.02476780185758514;0.9752321981424149;0.0;0.0;0.11428571428571428;0.0;0.34285714285714286;0.06666666666666667;0.0;0.47619047619047616;0.0;0.0;0.0
18;11;237;0001;356;187;0.43820224719101125;0.065;0.935;0.0;0.0;0.18181818181818182;0.0;0.32085561497326204;0.12834224598930483;0.0;0.3689839572192513;0.0;0.0;0.0
18;12;34;0001;257;125;0.43190661478599224;0.14383561643835616;0.8561643835616438;0.0;0.056;0.112;0.0;0.288;0.112;0.0;0.0;0.168;0.0;0.264
18;12;38;0001;432;228;0.4351851851851852;0.06557377049180328;0.9344262295081968;0.0;0.03508771929824561;0.08771929824561403;0.0;0.33771929824561403;0.11842105263157894;0.0;0.0;0.2631578947368421;0.0;0.15789473684210525
18;12;42;0001;266;133;0.47368421052631576;0.05;0.95;0.0;0.03007518796992481;0.15037593984962405;0.0;0.3233082706766917;0.15789473684210525;0.0;0.0;0.15037593984962405;0.0;0.18796992481203006
18;12;69;0001;328;168;0.42378048780487804;0.1111111111111111;0.8888888888888888;0.0;0.023809523809523808;0.047619047619047616;0.0;0.3333333333333333;0.19642857142857142;0.0;0.0;0.16071428571428573;0.0;0.23809523809523808
18;12;86;0001;439;248;0.40774487471526194;0.046153846153846156;0.9538461538461539;0.0;0.036290322580645164;0.13709677419354838;0.0;0.2540322580645161;0.23790322580645162;0.0;0.0;0.1935483870967742;0.0;0.14112903225806453
18;12;91;0001;159;94;0.36477987421383645;0.06930693069306931;0.9306930693069307;0.0;0.06382978723404255;0.14893617021276595;0.0;0.2553191489361702;0.23404255319148937;0.0;0.0;0.0851063829787234;0.0;0.2127659574468085
18;12;107;0001;109;72;0.29357798165137616;0.06493506493506493;0.935064935064935;0.0;0.013888888888888888;0.1388888888888889;0.0;0.20833333333333334;0.2222222222222222;0.0;0.0;0.18055555555555555;0.0;0.2361111111111111
18;12;136;0001;259;134;0.46332046332046334;0.03597122302158273;0.9640287769784173;0.0;0.04477611940298507;0.31343283582089554;0.0;0.30597014925373134;0.09701492537313433;0.0;0.0;0.17164179104477612;0.0;0.06716417910447761
18;12;142;0001;554;265;0.4855595667870036;0.07017543859649122;0.9298245614035088;0.0;0.04150943396226415;0.07547169811320754;0.0;0.27169811320754716;0.19622641509433963;0.0;0.0;0.17735849056603772;0.0;0.23773584905660378
18;12;169;0001;184;102;0.41304347826086957;0.05555555555555555;0.9444444444444444;0.0;0.17647058823529413;0.058823529411764705;0.0;0.3431372549019608;0.19607843137254902;0.0;0.0;0.08823529411764706;0.0;0.13725490196078433
18;12;171;0001;197;108;0.4365482233502538;0.02702702702702703;0.972972972972973;0.0;0.10185185185185185;0.16666666666666666;0.0;0.37037037037037035;0.05555555555555555;0.0;0.0;0.1574074074074074;0.0;0.14814814814814814
18;12;172;0001;909;495;0.42574257425742573;0.05172413793103448;0.9482758620689655;0.0;0.06464646464646465;0.07676767676767676;0.0;0.23232323232323232;0.2101010101010101;0.0;0.0;0.24646464646464647;0.0;0.1696969696969697
18;12;172;0002;660;306;0.49393939393939396;0.08383233532934131;0.9161676646706587;0.0;0.029411764705882353;0.09803921568627451;0.0;0.24836601307189543;0.16666666666666666;0.0;0.0;0.28104575163398693;0.0;0.17647058823529413
18;12;197;0001;733;309;0.5416098226466576;0.08035714285714286;0.9196428571428571;0.0;0.06472491909385113;0.11003236245954692;0.0;0.13915857605177995;0.19093851132686085;0.0;0.0;0.23948220064724918;0.0;0.255663430420712
18;12;197;0002;880;435;0.48409090909090907;0.04185022026431718;0.9581497797356828;0.0;0.10804597701149425;0.08275862068965517;0.0;0.21839080459770116;0.1425287356321839;0.0;0.0;0.20919540229885059;0.0;0.23908045977011494
18;12;197;0003;999;458;0.5125125125125125;0.059548254620123205;0.9404517453798767;0.0;0.043668122270742356;0.09388646288209607;0.0;0.17903930131004367;0.1572052401746725;0.0;0.0;0.3034934497816594;0.0;0.22270742358078602
18;12;197;0004;956;439;0.5104602510460251;0.06196581196581197;0.938034188034188;0.0;0.04100227790432802;0.1070615034168565;0.0;0.22323462414578588;0.1845102505694761;0.0;0.0;0.23006833712984054;0.0;0.214123006833713
18;12;197;0005;800;311;0.58125;0.07164179104477612;0.9283582089552239;0.0;0.04823151125401929;0.08681672025723473;0.0;0.31511254019292606;0.12540192926045016;0.0;0.0;0.24437299035369775;0.0;0.18006430868167203
18;12;197;0006;901;409;0.5205327413984462;0.05324074074074074;0.9467592592592593;0.0;0.04156479217603912;0.10757946210268948;0.0;0.19070904645476772;0.14180929095354522;0.0;0.0;0.2567237163814181;0.0;0.2616136919315403
18;12;197;0007;780;402;0.4551282051282051;0.05411764705882353;0.9458823529411765;0.0;0.0472636815920398;0.07960199004975124;0.0;0.2512437810945274;0.11940298507462686;0.0;0.0;0.23134328358208955;0.0;0.27114427860696516
18;12;197;0008;901;334;0.6026637069922308;0.0670391061452514;0.9329608938547486;0.0;0.017964071856287425;0.08083832335329341;0.0;0.32335329341317365;0.18862275449101795;0.0;0.0;0.18562874251497005;0.0;0.20359281437125748
18;12;197;0009;728;306;0.5563186813186813;0.05263157894736842;0.9473684210526315;0.0;0.032679738562091505;0.08496732026143791;0.0;0.24509803921568626;0.19607843137254902;0.0;0.0;0.27124183006535946;0.0;0.16993464052287582
18;13;50;0001;1043;527;0.4784276126558006;0.03125;0.96875;0.04174573055028463;0.0;0.0;0.0;0.0;0.0;0.0;0.1555977229601518;0.0;0.8026565464895635;0.0
18;13;50;0002;937;462;0.4813233724653148;0.04938271604938271;0.9506172839506173;0.07142857142857142;0.0;0.0;0.0;0.0;0.0;0.0;0.11904761904761904;0.0;0.8095238095238095;0.0
18;13;50;0003;942;468;0.4681528662420382;0.0658682634730539;0.9341317365269461;0.08547008547008547;0.0;0.0;0.0;0.0;0.0;0.0;0.19017094017094016;0.0;0.7243589743589743;0.0
18;13;138;0001;905;438;0.4850828729281768;0.060085836909871244;0.9399141630901288;0.1095890410958904;0.0;0.0;0.0;0.0;0.0;0.0;0.3538812785388128;0.0;0.5365296803652968;0.0
18;13;138;0002;761;351;0.4940867279894875;0.08831168831168831;0.9116883116883117;0.10541310541310542;0.0;0.0;0.0;0.0;0.0;0.0;0.43304843304843305;0.0;0.46153846153846156;0.0
18;13;205;0001;1010;398;0.5792079207920792;0.06352941176470588;0.9364705882352942;0.10804020100502512;0.0;0.0;0.0;0.0;0.0;0.0;0.5678391959798995;0.0;0.3241206030150754;0.0
18;13;205;0002;668;300;0.5254491017964071;0.05362776025236593;0.9463722397476341;0.08;0.0;0.0;0.0;0.0;0.0;0.0;0.5933333333333334;0.0;0.32666666666666666;0.0
18;13;205;0003;1019;477;0.5034347399411188;0.05731225296442688;0.9426877470355731;0.07547169811320754;0.0;0.0;0.0;0.0;0.0;0.0;0.6247379454926625;0.0;0.29979035639413;0.0
18;13;205;0004;1123;579;0.46482635796972394;0.036605657237936774;0.9633943427620633;0.0846286701208981;0.0;0.0;0.0;0.0;0.0;0.0;0.613126079447323;0.0;0.3022452504317789;0.0
18;13;205;0005;792;379;0.4936868686868687;0.05486284289276808;0.9451371571072319;0.0712401055408971;0.0;0.0;0.0;0.0;0.0;0.0;0.633245382585752;0.0;0.2955145118733509;0.0
18;13;205;0006;726;310;0.5578512396694215;0.03426791277258567;0.9657320872274143;0.12258064516129032;0.0;0.0;0.0;0.0;0.0;0.0;0.5225806451612903;0.0;0.3548387096774194;0.0
18;13;205;0007;1390;688;0.47553956834532374;0.056241426611796985;0.943758573388203;0.07267441860465117;0.0;0.0;0.0;0.0;0.0;0.0;0.6090116279069767;0.0;0.3183139534883721;0.0
18;13;205;0008;500;239;0.482;0.07722007722007722;0.9227799227799228;0.09623430962343096;0.0;0.0;0.0;0.0;0.0;0.0;0.602510460251046;0.0;0.301255230125523;0.0
18;14;3;0001;1323;684;0.45351473922902497;0.05394190871369295;0.946058091286307;0.0;0.0;0.0;0.17690058479532164;0.3333333333333333;0.13157894736842105;0.0;0.358187134502924;0.0;0.0;0.0
18;14;16;0001;276;118;0.5471014492753623;0.056;0.944;0.0;0.0;0.0;0.23728813559322035;0.2796610169491525;0.0847457627118644;0.0;0.3983050847457627;0.0;0.0;0.0
18;14;19;0001;360;195;0.44722222222222224;0.020100502512562814;0.9798994974874372;0.0;0.0;0.0;0.12307692307692308;0.3333333333333333;0.1282051282051282;0.0;0.4153846153846154;0.0;0.0;0.0
18;14;35;0001;621;310;0.47665056360708535;0.046153846153846156;0.9538461538461539;0.0;0.0;0.0;0.1064516129032258;0.4;0.15806451612903225;0.0;0.33548387096774196;0.0;0.0;0.0
18;14;51;0001;143;86;0.3776223776223776;0.033707865168539325;0.9662921348314607;0.0;0.0;0.0;0.12790697674418605;0.313953488372093;0.1744186046511628;0.0;0.38372093023255816;0.0;0.0;0.0
18;14;109;0001;1197;654;0.43859649122807015;0.026785714285714284;0.9732142857142857;0.0;0.0;0.0;0.16055045871559634;0.26452599388379205;0.0672782874617737;0.0;0.5076452599388379;0.0;0.0;0.0
18;14;109;0002;156;100;0.32051282051282054;0.05660377358490566;0.9433962264150944;0.0;0.0;0.0;0.33;0.18;0.21;0.0;0.28;0.0;0.0;0.0
18;14;111;0001;148;85;0.3918918918918919;0.05555555555555555;0.9444444444444444;0.0;0.0;0.0;0.21176470588235294;0.23529411764705882;0.12941176470588237;0.0;0.4235294117647059;0.0;0.0;0.0
18;14;151;0001;309;179;0.4110032362459547;0.016483516483516484;0.9835164835164835;0.0;0.0;0.0;0.19553072625698323;0.30726256983240224;0.10614525139664804;0.0;0.39106145251396646;0.0;0.0;0.0
18;14;156;0001;389;227;0.39331619537275064;0.038135593220338986;0.961864406779661;0.0;0.0;0.0;0.3656387665198238;0.18502202643171806;0.21145374449339208;0.0;0.23788546255506607;0.0;0.0;0.0
18;14;162;0001;207;117;0.42028985507246375;0.025;0.975;0.0;0.0;0.0;0.18803418803418803;0.23076923076923078;0.17094017094017094;0.0;0.41025641025641024;0.0;0.0;0.0
18;14;163;0001;244;150;0.3770491803278688;0.013157894736842105;0.9868421052631579;0.0;0.0;0.0;0.22;0.16666666666666666;0.18666666666666668;0.0;0.4266666666666667;0.0;0.0;0.0
18;14;176;0001;322;182;0.40372670807453415;0.052083333333333336;0.9479166666666666;0.0;0.0;0.0;0.25274725274725274;0.2802197802197802;0.25824175824175827;0.0;0.2087912087912088;0.0;0.0;0.0
18;14;194;0001;783;351;0.5197956577266922;0.06648936170212766;0.9335106382978723;0.0;0.0;0.0;0.2336182336182336;0.2934472934472934;0.1111111111111111;0.0;0.36182336182336183;0.0;0.0;0.0
18;14;202;0001;34;18;0.4117647058823529;0.1;0.9;0.0;0.0;0.0;0.05555555555555555;0.0;0.2222222222222222;0.0;0.7222222222222222;0.0;0.0;0.0
18;14;213;0001;693;354;0.443001443001443;0.08290155440414508;0.917098445595855;0.0;0.0;0.0;0.2542372881355932;0.2570621468926554;0.23728813559322035;0.0;0.2514124293785311;0.0;0.0;0.0
18;14;213;0002;705;350;0.48226950354609927;0.0410958904109589;0.958904109589041;0.0;0.0;0.0;0.3314285714285714;0.29714285714285715;0.19428571428571428;0.0;0.17714285714285713;0.0;0.0;0.0
18;14;213;0003;767;352;0.500651890482399;0.08093994778067885;0.9190600522193212;0.0;0.0;0.0;0.3693181818181818;0.26420454545454547;0.21875;0.0;0.14772727272727273;0.0;0.0;0.0
18;14;213;0004;695;346;0.4719424460431655;0.05722070844686648;0.9427792915531336;0.0;0.0;0.0;0.37283236994219654;0.24277456647398843;0.24566473988439305;0.0;0.13872832369942195;0.0;0.0;0.0
18;14;213;0005;797;451;0.41405269761606023;0.034261241970021415;0.9657387580299786;0.0;0.0;0.0;0.3148558758314856;0.21951219512195122;0.2638580931263858;0.0;0.2017738359201774;0.0;0.0;0.0
18;14;226;0001;321;182;0.3894080996884735;0.07142857142857142;0.9285714285714286;0.0;0.0;0.0;0.19230769230769232;0.2692307692307692;0.23626373626373626;0.0;0.3021978021978022;0.0;0.0;0.0
18;14;235;0001;924;440;0.4989177489177489;0.04967602591792657;0.9503239740820735;0.0;0.0;0.0;0.18636363636363637;0.30454545454545456;0.16590909090909092;0.0;0.3431818181818182;0.0;0.0;0.0
18;14;253;0001;343;188;0.41690962099125367;0.06;0.94;0.0;0.0;0.0;0.14893617021276595;0.31382978723404253;0.16489361702127658;0.0;0.3723404255319149;0.0;0.0;0.0
18;15;1;0001;300;145;0.5066666666666667;0.02027027027027027;0.9797297297297297;0.0;0.0;0.0;0.10344827586206896;0.296551724137931;0.35172413793103446;0.0;0.2482758620689655;0.0;0.0;0.0
18;15;4;0001;801;363;0.5205992509363296;0.0546875;0.9453125;0.0;0.0;0.0;0.08539944903581267;0.36363636363636365;0.2369146005509642;0.0;0.3140495867768595;0.0;0.0;0.0
18;15;97;0001;860;443;0.45348837209302323;0.0574468085106383;0.9425531914893617;0.0;0.0;0.0;0.056433408577878104;0.2505643340857788;0.3972911963882618;0.0;0.29571106094808125;0.0;0.0;0.0
18;15;97;0002;804;360;0.5124378109452736;0.08163265306122448;0.9183673469387755;0.0;0.0;0.0;0.07222222222222222;0.25277777777777777;0.36944444444444446;0.0;0.3055555555555556;0.0;0.0;0.0
18;15;145;0001;642;313;0.48909657320872274;0.04573170731707317;0.9542682926829268;0.0;0.0;0.0;0.10543130990415335;0.36741214057507987;0.17891373801916932;0.0;0.34824281150159747;0.0;0.0;0.0
18;15;145;0002;495;263;0.43434343434343436;0.060714285714285714;0.9392857142857143;0.0;0.0;0.0;0.07224334600760456;0.3231939163498099;0.22813688212927757;0.0;0.376425855513308;0.0;0.0;0.0
18;15;179;0001;644;332;0.4611801242236025;0.043227665706051875;0.9567723342939481;0.0;0.0;0.0;0.0572289156626506;0.16265060240963855;0.5060240963855421;0.0;0.2740963855421687;0.0;0.0;0.0
18;15;189;0001;339;195;0.40412979351032446;0.034653465346534656;0.9653465346534653;0.0;0.0;0.0;0.09743589743589744;0.21025641025641026;0.13846153846153847;0.0;0.5538461538461539;0.0;0.0;0.0
18;15;206;0001;665;340;0.4616541353383459;0.05027932960893855;0.9497206703910615;0.0;0.0;0.0;0.11764705882352941;0.20588235294117646;0.4294117647058823;0.0;0.24705882352941178;0.0;0.0;0.0
18;15;206;0002;513;240;0.5126705653021443;0.04;0.96;0.0;0.0;0.0;0.075;0.2916666666666667;0.35833333333333334;0.0;0.275;0.0;0.0;0.0
18;15;211;0001;552;257;0.4963768115942029;0.07553956834532374;0.9244604316546763;0.0;0.0;0.0;0.07782101167315175;0.26848249027237353;0.30739299610894943;0.0;0.3463035019455253;0.0;0.0;0.0
18;15;219;0001;309;162;0.4563106796116505;0.03571428571428571;0.9642857142857143;0.0;0.0;0.0;0.32098765432098764;0.19753086419753085;0.22839506172839505;0.0;0.25308641975308643;0.0;0.0;0.0
18;15;223;0001;786;463;0.3842239185750636;0.04338842975206612;0.9566115702479339;0.0;0.0;0.0;0.05183585313174946;0.23542116630669546;0.13822894168466524;0.0;0.5745140388768899;0.0;0.0;0.0
18;15;223;0002;801;399;0.4681647940074906;0.06338028169014084;0.9366197183098591;0.0;0.0;0.0;0.047619047619047616;0.23308270676691728;0.10526315789473684;0.0;0.6140350877192983;0.0;0.0;0.0
18;15;229;0001;489;315;0.34355828220858897;0.018691588785046728;0.9813084112149533;0.0;0.0;0.0;0.05396825396825397;0.273015873015873;0.20634920634920634;0.0;0.4666666666666667;0.0;0.0;0.0
18;15;271;0001;1028;484;0.5038910505836576;0.050980392156862744;0.9490196078431372;0.0;0.0;0.0;0.07644628099173553;0.32644628099173556;0.27892561983471076;0.0;0.3181818181818182;0.0;0.0;0.0
18;15;280;0001;560;288;0.4642857142857143;0.04;0.96;0.0;0.0;0.0;0.10069444444444445;0.3368055555555556;0.2951388888888889;0.0;0.2673611111111111;0.0;0.0;0.0
18;15;281;0001;748;384;0.47593582887700536;0.02040816326530612;0.9795918367346939;0.0;0.0;0.0;0.203125;0.2890625;0.09635416666666667;0.0;0.4114583333333333;0.0;0.0;0.0
18;15;281;0002;743;359;0.4952893674293405;0.042666666666666665;0.9573333333333334;0.0;0.0;0.0;0.17827298050139276;0.38997214484679665;0.0947075208913649;0.0;0.3370473537604457;0.0;0.0;0.0
18;15;290;0001;384;201;0.4375;0.06944444444444445;0.9305555555555556;0.0;0.0;0.0;0.1791044776119403;0.35323383084577115;0.1791044776119403;0.0;0.2885572139303483;0.0;0.0;0.0
18;16;14;0001;153;81;0.46405228758169936;0.012195121951219513;0.9878048780487805;0.0;0.0;0.1111111111111111;0.0;0.2839506172839506;0.345679012345679;0.0;0.25925925925925924;0.0;0.0;0.0
18;16;20;0001;671;360;0.4396423248882265;0.0425531914893617;0.9574468085106383;0.0;0.0;0.13055555555555556;0.0;0.375;0.16944444444444445;0.0;0.325;0.0;0.0;0.0
18;16;22;0001;303;184;0.38283828382838286;0.016042780748663103;0.983957219251337;0.0;0.0;0.043478260869565216;0.0;0.358695652173913;0.2554347826086957;0.0;0.3423913043478261;0.0;0.0;0.0
18;16;26;0001;721;389;0.43411927877947293;0.04656862745098039;0.9534313725490197;0.0;0.0;0.038560411311053984;0.0;0.1928020565552699;0.33676092544987146;0.0;0.4318766066838046;0.0;0.0;0.0
18;16;32;0001;1117;571;0.4691136974037601;0.03709949409780776;0.9629005059021922;0.0;0.0;0.06129597197898424;0.0;0.29071803852889666;0.4063047285464098;0.0;0.24168126094570927;0.0;0.0;0.0
18;16;39;0001;284;163;0.4014084507042254;0.041176470588235294;0.9588235294117647;0.0;0.0;0.04294478527607362;0.0;0.17177914110429449;0.147239263803681;0.0;0.6380368098159509;0.0;0.0;0.0
18;16;70;0001;192;119;0.3697916666666667;0.01652892561983471;0.9834710743801653;0.0;0.0;0.05042016806722689;0.0;0.2773109243697479;0.15126050420168066;0.0;0.5210084033613446;0.0;0.0;0.0
18;16;74;0001;168;95;0.4226190476190476;0.020618556701030927;0.979381443298969;0.0;0.0;0.15789473684210525;0.0;0.37894736842105264;0.11578947368421053;0.0;0.3473684210526316;0.0;0.0;0.0
18;16;79;0001;415;230;0.43614457831325304;0.017094017094017096;0.9829059829059829;0.0;0.0;0.034782608695652174;0.0;0.28695652173913044;0.40869565217391307;0.0;0.26956521739130435;0.0;0.0;0.0
18;16;84;0001;174;88;0.45977011494252873;0.06382978723404255;0.9361702127659575;0.0;0.0;0.07954545454545454;0.0;0.4090909090909091;0.17045454545454544;0.0;0.3409090909090909;0.0;0.0;0.0
18;16;94;0001;292;140;0.5034246575342466;0.034482758620689655;0.9655172413793104;0.0;0.0;0.08571428571428572;0.0;0.2571428571428571;0.16428571428571428;0.0;0.4928571428571429;0.0;0.0;0.0
18;16;98;0001;120;63;0.45;0.045454545454545456;0.9545454545454546;0.0;0.0;0.06349206349206349;0.0;0.31746031746031744;0.14285714285714285;0.0;0.47619047619047616;0.0;0.0;0.0
18;16;116;0001;236;142;0.3898305084745763;0.013888888888888888;0.9861111111111112;0.0;0.0;0.09859154929577464;0.0;0.2605633802816901;0.18309859154929578;0.0;0.45774647887323944;0.0;0.0;0.0
18;16;117;0001;418;219;0.45933014354066987;0.030973451327433628;0.9690265486725663;0.0;0.0;0.0958904109589041;0.0;0.4018264840182648;0.2237442922374429;0.0;0.2785388127853881;0.0;0.0;0.0
18;16;125;0001;997;470;0.5075225677031093;0.04276985743380855;0.9572301425661914;0.0;0.0;0.06382978723404255;0.0;0.3127659574468085;0.3574468085106383;0.0;0.26595744680851063;0.0;0.0;0.0
18;16;144;0001;414;210;0.4855072463768116;0.014084507042253521;0.9859154929577465;0.0;0.0;0.10952380952380952;0.0;0.2857142857142857;0.1619047619047619;0.0;0.44285714285714284;0.0;0.0;0.0
18;16;146;0001;296;142;0.5;0.04054054054054054;0.9594594594594594;0.0;0.0;0.16901408450704225;0.0;0.30985915492957744;0.2676056338028169;0.0;0.2535211267605634;0.0;0.0;0.0
18;16;168;0001;221;131;0.39819004524886875;0.015037593984962405;0.9849624060150376;0.0;0.0;0.07633587786259542;0.0;0.3511450381679389;0.48091603053435117;0.0;0.0916030534351145;0.0;0.0;0.0
18;16;200;0001;259;141;0.444015444015444;0.020833333333333332;0.9791666666666666;0.0;0.0;0.0851063829787234;0.0;0.3900709219858156;0.14893617021276595;0.0;0.375886524822695;0.0;0.0;0.0
18;16;208;0001;350;182;0.44857142857142857;0.05699481865284974;0.9430051813471503;0.0;0.0;0.09340659340659341;0.0;0.3076923076923077;0.31868131868131866;0.0;0.2802197802197802;0.0;0.0;0.0
18;16;233;0001;1167;587;0.4730077120822622;0.04552845528455285;0.9544715447154472;0.0;0.0;0.08517887563884156;0.0;0.34582623509369675;0.18568994889267462;0.0;0.3833049403747871;0.0;0.0;0.0
18;16;241;0001;810;428;0.4604938271604938;0.020594965675057208;0.9794050343249427;0.0;0.0;0.09813084112149532;0.0;0.22897196261682243;0.2383177570093458;0.0;0.43457943925233644;0.0;0.0;0.0
18;16;241;0002;143;85;0.3776223776223776;0.0449438202247191;0.9550561797752809;0.0;0.0;0.011764705882352941;0.0;0.17647058823529413;0.10588235294117647;0.0;0.7058823529411765;0.0;0.0;0.0
18;16;241;0003;69;45;0.2753623188405797;0.1;0.9;0.0;0.0;0.1111111111111111;0.0;0.24444444444444444;0.2222222222222222;0.0;0.4222222222222222;0.0;0.0;0.0
18;16;243;0001;381;202;0.45144356955380577;0.03349282296650718;0.9665071770334929;0.0;0.0;0.10396039603960396;0.0;0.3613861386138614;0.24257425742574257;0.0;0.29207920792079206;0.0;0.0;0.0
18;16;246;0001;769;392;0.4681404421326398;0.04156479217603912;0.9584352078239609;0.0;0.0;0.08418367346938775;0.0;0.32908163265306123;0.3086734693877551;0.0;0.2780612244897959;0.0;0.0;0.0
18;16;249;0001;330;170;0.4727272727272727;0.022988505747126436;0.9770114942528736;0.0;0.0;0.10588235294117647;0.0;0.37058823529411766;0.11764705882352941;0.0;0.40588235294117647;0.0;0.0;0.0
18;16;256;0001;259;137;0.44787644787644787;0.04195804195804196;0.958041958041958;0.0;0.0;0.20437956204379562;0.0;0.27007299270072993;0.34306569343065696;0.0;0.18248175182481752;0.0;0.0;0.0
18;16;257;0001;546;353;0.33516483516483514;0.027548209366391185;0.9724517906336089;0.0;0.0;0.0169971671388102;0.0;0.22096317280453256;0.623229461756374;0.0;0.1388101983002833;0.0;0.0;0.0
18;16;258;0001;531;279;0.4293785310734463;0.07920792079207921;0.9207920792079208;0.0;0.0;0.1003584229390681;0.0;0.30824372759856633;0.1827956989247312;0.0;0.40860215053763443;0.0;0.0;0.0
18;16;259;0001;246;142;0.37398373983739835;0.07792207792207792;0.922077922077922;0.0;0.0;0.13380281690140844;0.0;0.31690140845070425;0.30985915492957744;0.0;0.23943661971830985;0.0;0.0;0.0
18;16;262;0001;279;135;0.5017921146953405;0.02877697841726619;0.9712230215827338;0.0;0.0;0.08148148148148149;0.0;0.32592592592592595;0.22962962962962963;0.0;0.362962962962963;0.0;0.0;0.0
18;16;264;0001;73;39;0.3698630136986301;0.15217391304347827;0.8478260869565217;0.0;0.0;0.05128205128205128;0.0;0.46153846153846156;0.10256410256410256;0.0;0.38461538461538464;0.0;0.0;0.0
18;16;269;0001;583;309;0.451114922813036;0.034375;0.965625;0.0;0.0;0.032362459546925564;0.0;0.313915857605178;0.2783171521035599;0.0;0.37540453074433655;0.0;0.0;0.0
18;16;272;0001;460;250;0.4282608695652174;0.049429657794676805;0.9505703422053232;0.0;0.0;0.1;0.0;0.232;0.192;0.0;0.476;0.0;0.0;0.0
18;16;274;0001;273;158;0.39194139194139194;0.04819277108433735;0.9518072289156626;0.0;0.0;0.0379746835443038;0.0;0.14556962025316456;0.11392405063291139;0.0;0.7025316455696202;0.0;0.0;0.0
18;16;284;0001;178;109;0.3651685393258427;0.035398230088495575;0.9646017699115044;0.0;0.0;0.10091743119266056;0.0;0.3211009174311927;0.46788990825688076;0.0;0.11009174311926606;0.0;0.0;0.0
18;16;287;0001;266;153;0.3684210526315789;0.08928571428571429;0.9107142857142857;0.0;0.0;0.13071895424836602;0.0;0.35294117647058826;0.13071895424836602;0.0;0.38562091503267976;0.0;0.0;0.0
18;17;6;0001;213;104;0.49765258215962443;0.028037383177570093;0.9719626168224299;0.0;0.0;0.0;0.18269230769230768;0.28846153846153844;0.22115384615384615;0.0;0.3076923076923077;0.0;0.0;0.0
18;17;8;0001;361;163;0.49584487534626037;0.1043956043956044;0.8956043956043956;0.0;0.0;0.0;0.15950920245398773;0.3496932515337423;0.20245398773006135;0.0;0.2883435582822086;0.0;0.0;0.0
18;17;46;0001;126;75;0.35714285714285715;0.07407407407407407;0.9259259259259259;0.0;0.0;0.0;0.17333333333333334;0.41333333333333333;0.09333333333333334;0.0;0.32;0.0;0.0;0.0
18;17;58;0001;568;266;0.5052816901408451;0.05338078291814947;0.9466192170818505;0.0;0.0;0.0;0.24812030075187969;0.3082706766917293;0.13533834586466165;0.0;0.3082706766917293;0.0;0.0;0.0
18;17;58;0002;549;257;0.4936247723132969;0.07553956834532374;0.9244604316546763;0.0;0.0;0.0;0.26459143968871596;0.19844357976653695;0.12840466926070038;0.0;0.4085603112840467;0.0;0.0;0.0
18;17;63;0001;139;74;0.4028776978417266;0.10843373493975904;0.891566265060241;0.0;0.0;0.0;0.24324324324324326;0.3108108108108108;0.17567567567567569;0.0;0.2702702702702703;0.0;0.0;0.0
18;17;73;0001;179;95;0.4134078212290503;0.09523809523809523;0.9047619047619048;0.0;0.0;0.0;0.2631578947368421;0.3263157894736842;0.09473684210526316;0.0;0.3157894736842105;0.0;0.0;0.0
18;17;78;0001;60;40;0.3;0.047619047619047616;0.9523809523809523;0.0;0.0;0.0;0.15;0.25;0.4;0.0;0.2;0.0;0.0;0.0
18;17;122;0001;154;81;0.44805194805194803;0.047058823529411764;0.9529411764705882;0.0;0.0;0.0;0.30864197530864196;0.2716049382716049;0.2716049382716049;0.0;0.14814814814814814;0.0;0.0;0.0
18;17;126;0001;1012;491;0.4743083003952569;0.07706766917293233;0.9229323308270677;0.0;0.0;0.0;0.09368635437881874;0.25865580448065173;0.42973523421588594;0.0;0.21792260692464357;0.0;0.0;0.0
18;17;129;0001;150;88;0.37333333333333335;0.06382978723404255;0.9361702127659575;0.0;0.0;0.0;0.11363636363636363;0.3409090909090909;0.22727272727272727;0.0;0.3181818181818182;0.0;0.0;0.0
18;17;180;0001;785;389;0.48152866242038217;0.044226044226044224;0.9557739557739557;0.0;0.0;0.0;0.09254498714652956;0.19794344473007713;0.15424164524421594;0.0;0.5552699228791774;0.0;0.0;0.0
18;17;180;0002;659;340;0.4613050075872534;0.04225352112676056;0.9577464788732394;0.0;0.0;0.0;0.08529411764705883;0.19411764705882353;0.18235294117647058;0.0;0.538235294117647;0.0;0.0;0.0
18;17;201;0001;532;245;0.5150375939849624;0.050387596899224806;0.9496124031007752;0.0;0.0;0.0;0.21224489795918366;0.32653061224489793;0.19183673469387755;0.0;0.2693877551020408;0.0;0.0;0.0
18;17;218;0001;483;243;0.47619047619047616;0.039525691699604744;0.9604743083003953;0.0;0.0;0.0;0.13991769547325103;0.3004115226337449;0.16872427983539096;0.0;0.39094650205761317;0.0;0.0;0.0
18;17;221;0001;222;115;0.4189189189189189;0.10852713178294573;0.8914728682170543;0.0;0.0;0.0;0.23478260869565218;0.4;0.1826086956521739;0.0;0.1826086956521739;0.0;0.0;0.0
18;17;222;0001;23;16;0.30434782608695654;0.0;1.0;0.0;0.0;0.0;0.0;0.25;0.1875;0.0;0.5625;0.0;0.0;0.0
18;17;236;0001;95;46;0.4842105263157895;0.061224489795918366;0.9387755102040817;0.0;0.0;0.0;0.21739130434782608;0.2391304347826087;0.21739130434782608;0.0;0.32608695652173914;0.0;0.0;0.0
18;17;248;0001;322;184;0.40372670807453415;0.041666666666666664;0.9583333333333334;0.0;0.0;0.0;0.16304347826086957;0.34782608695652173;0.23369565217391305;0.0;0.2554347826086957;0.0;0.0;0.0
18;17;250;0001;55;30;0.4;0.09090909090909091;0.9090909090909091;0.0;0.0;0.0;0.03333333333333333;0.3;0.3;0.0;0.36666666666666664;0.0;0.0;0.0
18;17;254;0001;507;236;0.5187376725838264;0.03278688524590164;0.9672131147540983;0.0;0.0;0.0;0.13559322033898305;0.3135593220338983;0.3135593220338983;0.0;0.23728813559322035;0.0;0.0;0.0
18;17;267;0001;936;512;0.41239316239316237;0.06909090909090909;0.9309090909090909;0.0;0.0;0.0;0.287109375;0.203125;0.189453125;0.0;0.3203125;0.0;0.0;0.0
18;17;267;0002;745;397;0.44026845637583895;0.047961630695443645;0.9520383693045563;0.0;0.0;0.0;0.345088161209068;0.2367758186397985;0.15365239294710328;0.0;0.26448362720403024;0.0;0.0;0.0
18;17;267;0003;740;390;0.4472972972972973;0.04645476772616137;0.9535452322738386;0.0;0.0;0.0;0.3923076923076923;0.20512820512820512;0.12051282051282051;0.0;0.28205128205128205;0.0;0.0;0.0
18;17;267;0004;851;439;0.4571092831962397;0.049783549783549784;0.9502164502164502;0.0;0.0;0.0;0.26879271070615035;0.2642369020501139;0.1845102505694761;0.0;0.2824601366742597;0.0;0.0;0.0
18;17;268;0001;291;139;0.4845360824742268;0.07333333333333333;0.9266666666666666;0.0;0.0;0.0;0.26618705035971224;0.3597122302158273;0.1510791366906475;0.0;0.22302158273381295;0.0;0.0;0.0
18;17;270;0001;560;272;0.4857142857142857;0.05555555555555555;0.9444444444444444;0.0;0.0;0.0;0.21691176470588236;0.3014705882352941;0.28308823529411764;0.0;0.19852941176470587;0.0;0.0;0.0
18;17;273;0001;648;323;0.46141975308641975;0.07449856733524356;0.9255014326647565;0.0;0.0;0.0;0.1826625386996904;0.30030959752321984;0.14860681114551083;0.0;0.3684210526315789;0.0;0.0;0.0
18;17;288;0001;186;93;0.45698924731182794;0.07920792079207921;0.9207920792079208;0.0;0.0;0.0;0.1935483870967742;0.3333333333333333;0.1827956989247312;0.0;0.2903225806451613;0.0;0.0;0.0
18;18;279;0004;730;302;0.5671232876712329;0.04430379746835443;0.9556962025316456;0.0;0.029801324503311258;0.0;0.2781456953642384;0.33774834437086093;0.10927152317880795;0.24503311258278146;0.0;0.0;0.0;0.0
18;18;279;0005;736;357;0.485054347826087;0.05804749340369393;0.941952506596306;0.0;0.022408963585434174;0.0;0.25770308123249297;0.32212885154061627;0.18207282913165265;0.21568627450980393;0.0;0.0;0.0;0.0
18;18;279;0006;752;366;0.488031914893617;0.04935064935064935;0.9506493506493506;0.0;0.0273224043715847;0.0;0.3797814207650273;0.3114754098360656;0.09562841530054644;0.18579234972677597;0.0;0.0;0.0;0.0
18;18;279;0007;777;367;0.5032175032175032;0.04922279792746114;0.9507772020725389;0.0;0.02997275204359673;0.0;0.2888283378746594;0.2506811989100817;0.1335149863760218;0.2970027247956403;0.0;0.0;0.0;0.0
18;18;279;0008;604;268;0.5364238410596026;0.04285714285714286;0.9571428571428572;0.0;0.026119402985074626;0.0;0.24253731343283583;0.27238805970149255;0.15671641791044777;0.30223880597014924;0.0;0.0;0.0;0.0
18;18;279;0009;728;312;0.5302197802197802;0.08771929824561403;0.9122807017543859;0.0;0.038461538461538464;0.0;0.3525641025641026;0.22115384615384615;0.15705128205128205;0.23076923076923078;0.0;0.0;0.0;0.0
18;18;279;0012;799;369;0.523153942428035;0.031496062992125984;0.968503937007874;0.0;0.07046070460704607;0.0;0.25203252032520324;0.34146341463414637;0.11382113821138211;0.2222222222222222;0.0;0.0;0.0;0.0
18;18;279;0014;610;294;0.5065573770491804;0.023255813953488372;0.9767441860465116;0.0;0.04081632653061224;0.0;0.2585034013605442;0.2857142857142857;0.1326530612244898;0.282312925170068;0.0;0.0;0.0;0.0
18;18;279;0015;446;200;0.5448430493273543;0.014778325123152709;0.9852216748768473;0.0;0.05;0.0;0.33;0.32;0.12;0.18;0.0;0.0;0.0;0.0
18;18;279;0016;862;366;0.5603248259860789;0.03430079155672823;0.9656992084432717;0.0;0.03551912568306011;0.0;0.34972677595628415;0.273224043715847;0.11475409836065574;0.226775956284153;0.0;0.0;0.0;0.0
18;18;279;0018;677;260;0.5967503692762186;0.047619047619047616;0.9523809523809523;0.0;0.019230769230769232;0.0;0.49615384615384617;0.23461538461538461;0.08461538461538462;0.16538461538461538;0.0;0.0;0.0;0.0
18;18;279;0019;559;226;0.5742397137745975;0.05042016806722689;0.9495798319327731;0.0;0.017699115044247787;0.0;0.38495575221238937;0.2345132743362832;0.1504424778761062;0.21238938053097345;0.0;0.0;0.0;0.0
18;18;279;0025;662;281;0.554380664652568;0.04745762711864407;0.9525423728813559;0.0;0.021352313167259787;0.0;0.49110320284697506;0.22419928825622776;0.10320284697508897;0.1601423487544484;0.0;0.0;0.0;0.0
18;18;279;0026;898;404;0.5334075723830735;0.03579952267303103;0.964200477326969;0.0;0.054455445544554455;0.0;0.31683168316831684;0.2202970297029703;0.16584158415841585;0.24257425742574257;0.0;0.0;0.0;0.0
18;18;279;0027;839;354;0.5566150178784267;0.04838709677419355;0.9516129032258065;0.0;0.031073446327683617;0.0;0.3418079096045198;0.2937853107344633;0.12429378531073447;0.20903954802259886;0.0;0.0;0.0;0.0
18;19;85;0001;176;107;0.3409090909090909;0.07758620689655173;0.9224137931034483;0.0;0.028037383177570093;0.0;0.3364485981308411;0.2523364485981308;0.29906542056074764;0.08411214953271028;0.0;0.0;0.0;0.0
18;19;100;0001;568;321;0.36795774647887325;0.10584958217270195;0.8941504178272981;0.0;0.021806853582554516;0.0;0.24610591900311526;0.42679127725856697;0.0778816199376947;0.22741433021806853;0.0;0.0;0.0;0.0
18;19;103;0001;1039;589;0.40230991337824834;0.05152979066022544;0.9484702093397746;0.0;0.03225806451612903;0.0;0.5178268251273345;0.300509337860781;0.050933786078098474;0.09847198641765705;0.0;0.0;0.0;0.0
18;19;150;0001;554;274;0.4693140794223827;0.06802721088435375;0.9319727891156463;0.0;0.058394160583941604;0.0;0.23357664233576642;0.45985401459854014;0.12043795620437957;0.12773722627737227;0.0;0.0;0.0;0.0
18;19;167;0001;232;127;0.3879310344827586;0.1056338028169014;0.8943661971830986;0.0;0.031496062992125984;0.0;0.31496062992125984;0.4645669291338583;0.07874015748031496;0.11023622047244094;0.0;0.0;0.0;0.0
18;19;210;0001;464;258;0.41594827586206895;0.04797047970479705;0.9520295202952029;0.0;0.011627906976744186;0.0;0.4069767441860465;0.39147286821705424;0.06976744186046512;0.12015503875968993;0.0;0.0;0.0;0.0
18;19;214;0001;496;282;0.4112903225806452;0.03424657534246575;0.9657534246575342;0.0;0.03546099290780142;0.0;0.425531914893617;0.30851063829787234;0.1099290780141844;0.12056737588652482;0.0;0.0;0.0;0.0
18;19;228;0001;181;108;0.32044198895027626;0.12195121951219512;0.8780487804878049;0.0;0.037037037037037035;0.0;0.42592592592592593;0.28703703703703703;0.09259259259259259;0.1574074074074074;0.0;0.0;0.0;0.0
18;19;263;0001;472;282;0.3771186440677966;0.04081632653061224;0.9591836734693877;0.0;0.014184397163120567;0.0;0.475177304964539;0.375886524822695;0.031914893617021274;0.10283687943262411;0.0;0.0;0.0;0.0
18;19;279;0001;625;233;0.6208;0.016877637130801686;0.9831223628691983;0.0;0.04721030042918455;0.0;0.296137339055794;0.351931330472103;0.06866952789699571;0.23605150214592274;0.0;0.0;0.0;0.0
18;19;279;0002;630;258;0.5682539682539682;0.051470588235294115;0.9485294117647058;0.0;0.05426356589147287;0.0;0.26356589147286824;0.29844961240310075;0.13178294573643412;0.25193798449612403;0.0;0.0;0.0;0.0
18;19;279;0003;884;370;0.5554298642533937;0.058524173027989825;0.9414758269720102;0.0;0.013513513513513514;0.0;0.34864864864864864;0.34864864864864864;0.0918918918918919;0.1972972972972973;0.0;0.0;0.0;0.0
18;19;279;0010;780;354;0.514102564102564;0.06596306068601583;0.9340369393139841;0.0;0.03389830508474576;0.0;0.3135593220338983;0.3305084745762712;0.096045197740113;0.22598870056497175;0.0;0.0;0.0;0.0
18;19;279;0011;840;371;0.5321428571428571;0.05597964376590331;0.9440203562340967;0.0;0.04851752021563342;0.0;0.2695417789757412;0.32075471698113206;0.1078167115902965;0.25336927223719674;0.0;0.0;0.0;0.0
18;19;279;0013;296;111;0.5945945945945946;0.075;0.925;0.0;0.009009009009009009;0.0;0.26126126126126126;0.3783783783783784;0.11711711711711711;0.23423423423423423;0.0;0.0;0.0;0.0
18;19;279;0017;534;230;0.5411985018726592;0.061224489795918366;0.9387755102040817;0.0;0.043478260869565216;0.0;0.33043478260869563;0.24782608695652175;0.11304347826086956;0.26521739130434785;0.0;0.0;0.0;0.0
18;19;279;0020;683;305;0.5197657393850659;0.0701219512195122;0.9298780487804879;0.0;0.022950819672131147;0.0;0.32459016393442625;0.3114754098360656;0.08524590163934426;0.25573770491803277;0.0;0.0;0.0;0.0
18;19;279;0021;792;399;0.46085858585858586;0.06557377049180328;0.9344262295081968;0.0;0.020050125313283207;0.0;0.41854636591478694;0.3233082706766917;0.05012531328320802;0.18796992481203006;0.0;0.0;0.0;0.0
18;19;279;0022;809;397;0.48084054388133496;0.05476190476190476;0.9452380952380952;0.0;0.027707808564231738;0.0;0.4836272040302267;0.26700251889168763;0.06801007556675064;0.15365239294710328;0.0;0.0;0.0;0.0
18;19;279;0023;759;370;0.4782608695652174;0.06565656565656566;0.9343434343434344;0.0;0.024324324324324326;0.0;0.34324324324324323;0.25675675675675674;0.0945945945945946;0.2810810810810811;0.0;0.0;0.0;0.0
18;19;279;0024;468;153;0.655982905982906;0.049689440993788817;0.9503105590062112;0.0;0.026143790849673203;0.0;0.23529411764705882;0.3006535947712418;0.1111111111111111;0.32679738562091504;0.0;0.0;0.0;0.0
